order_id,order_date,region,product,category,quantity,unit_price,revenue,customer_id
1,2025-10-16,North,Gizmo,Electronics,8,59.69,477.52,1188
2,2024-04-14,East,Thingamajig,Accessories,3,149.67,449.01,1008
3,2024-01-31,North,Gadget,Hardware,17,152.49,2592.33,1143
4,2024-07-22,East,Thingamajig,Accessories,14,59.01,826.14,1150
5,2024-10-11,West,Widget,Hardware,6,176.04,1056.24,1087
6,2024-10-11,North,Gizmo,Electronics,4,27.72,110.88,1024
7,2025-01-02,West,Thingamajig,Accessories,9,202.75,1824.75,1186
8,2025-04-15,South,Doohickey,Electronics,3,140.25,420.75,1160
9,2025-09-25,West,Gizmo,Electronics,19,52.11,990.09,1017
10,2024-02-16,East,Gizmo,Electronics,3,214.55,643.65,1025
11,2025-01-24,North,Gizmo,Electronics,6,95.69,574.14,1053
12,2025-11-17,North,Widget,Hardware,20,160.57,3211.4,1136
13,2024-09-07,North,Doohickey,Electronics,9,247.43,2226.87,1163
14,2025-12-05,East,Gizmo,Electronics,2,61.12,122.24,1008
15,2024-11-19,South,Widget,Hardware,7,228.72,1601.04,1145
16,2024-11-18,North,Doohickey,Electronics,13,221.75,2882.75,1164
17,2025-04-14,North,Gadget,Hardware,8,187.52,1500.16,1137
18,2024-09-26,East,Doohickey,Electronics,19,102.85,1954.15,1056
19,2024-05-21,South,Widget,Hardware,2,215.97,431.94,1039
20,2025-10-04,North,Doohickey,Electronics,20,20.56,411.2,1097
21,2025-09-02,West,Thingamajig,Accessories,9,242.91,2186.19,1002
22,2025-11-27,East,Thingamajig,Accessories,9,193.31,1739.79,1087
23,2024-04-24,North,Gadget,Hardware,15,5.8,87.0,1184
24,2024-09-26,West,Gadget,Hardware,17,228.59,3886.03,1160
25,2024-11-01,West,Thingamajig,Accessories,20,53.73,1074.6,1095
26,2024-06-14,South,Thingamajig,Accessories,1,151.74,151.74,1125
27,2024-01-20,North,Gizmo,Electronics,10,63.67,636.7,1061
28,2025-08-03,West,Widget,Hardware,16,204.93,3278.88,1194
29,2025-06-29,East,Gadget,Hardware,16,236.98,3791.68,1042
30,2024-09-28,South,Thingamajig,Accessories,14,241.27,3377.78,1138
31,2025-12-07,North,Gizmo,Electronics,13,248.81,3234.53,1166
32,2025-01-17,South,Thingamajig,Accessories,15,34.65,519.75,1057
33,2024-03-06,South,Thingamajig,Accessories,18,61.38,1104.84,1056
34,2024-01-08,North,Widget,Hardware,8,21.51,172.08,1008
35,2024-12-04,North,Gadget,Hardware,9,168.9,1520.1,1054
36,2025-07-06,North,Thingamajig,Accessories,19,120.8,2295.2,1121
37,2025-02-20,North,Widget,Hardware,14,91.8,1285.2,1105
38,2025-04-23,West,Widget,Hardware,4,19.85,79.4,1186
39,2024-12-13,West,Widget,Hardware,8,51.94,415.52,1137
40,2025-04-04,North,Gadget,Hardware,9,118.34,1065.06,1019
41,2025-03-29,West,Thingamajig,Accessories,4,17.39,69.56,1138
42,2024-01-16,West,Gadget,Hardware,6,104.57,627.42,1123
43,2024-08-06,West,Widget,Hardware,6,97.85,587.1,1099
44,2024-09-28,West,Doohickey,Electronics,10,108.64,1086.4,1187
45,2025-07-23,East,Doohickey,Electronics,5,51.52,257.6,1055
46,2024-02-29,East,Thingamajig,Accessories,2,188.25,376.5,1014
47,2024-02-21,East,Thingamajig,Accessories,17,43.57,740.69,1130
48,2024-03-23,West,Widget,Hardware,20,21.65,433.0,1060
49,2025-02-17,North,Thingamajig,Accessories,8,146.84,1174.72,1010
50,2025-09-26,North,Thingamajig,Accessories,19,133.08,2528.52,1066
51,2024-07-28,East,Gizmo,Electronics,8,70.08,560.64,1033
52,2025-11-18,East,Doohickey,Electronics,11,232.61,2558.71,1018
53,2024-01-10,South,Thingamajig,Accessories,4,22.95,91.8,1054
54,2025-06-02,North,Gizmo,Electronics,3,220.42,661.26,1094
55,2024-10-18,North,Thingamajig,Accessories,10,154.86,1548.6,1167
56,2025-06-25,North,Thingamajig,Accessories,10,233.28,2332.8,1026
57,2024-05-17,North,Widget,Hardware,18,43.08,775.44,1072
58,2025-09-11,North,Gizmo,Electronics,7,173.44,1214.08,1067
59,2025-06-01,South,Widget,Hardware,3,160.4,481.2,1070
60,2024-02-15,North,Gadget,Hardware,9,44.59,401.31,1113
61,2025-07-18,East,Thingamajig,Accessories,1,32.41,32.41,1176
62,2024-06-01,South,Gizmo,Electronics,19,140.37,2667.03,1110
63,2024-05-10,North,Gizmo,Electronics,2,225.24,450.48,1053
64,2025-11-29,North,Widget,Hardware,12,196.13,2353.56,1104
65,2025-09-27,East,Gadget,Hardware,6,244.17,1465.02,1045
66,2025-02-26,North,Gizmo,Electronics,14,201.55,2821.7,1188
67,2024-09-11,North,Widget,Hardware,13,218.68,2842.84,1120
68,2024-08-15,North,Doohickey,Electronics,12,79.77,957.24,1058
69,2024-08-16,North,Gadget,Hardware,13,85.42,1110.46,1017
70,2024-10-12,South,Thingamajig,Accessories,13,171.48,2229.24,1137
71,2024-12-05,West,Widget,Hardware,9,48.75,438.75,1067
72,2024-02-09,North,Doohickey,Electronics,12,183.49,2201.88,1080
73,2025-03-22,East,Thingamajig,Accessories,4,99.37,397.48,1147
74,2024-07-13,North,Doohickey,Electronics,1,132.38,132.38,1137
75,2025-12-04,East,Gadget,Hardware,12,110.67,1328.04,1170
76,2024-12-04,East,Widget,Hardware,10,129.25,1292.5,1170
77,2025-02-22,South,Gizmo,Electronics,18,36.19,651.42,1107
78,2025-11-11,West,Gadget,Hardware,20,144.43,2888.6,1103
79,2025-07-15,West,Gizmo,Electronics,10,56.49,564.9,1148
80,2025-09-13,East,Doohickey,Electronics,15,113.33,1699.95,1054
81,2025-06-07,South,Gadget,Hardware,3,74.53,223.59,1169
82,2025-10-10,East,Widget,Hardware,8,169.83,1358.64,1057
83,2024-07-22,North,Widget,Hardware,8,246.06,1968.48,1156
84,2024-03-15,South,Thingamajig,Accessories,7,180.99,1266.93,1098
85,2025-05-21,South,Gadget,Hardware,1,223.7,223.7,1197
86,2024-04-19,East,Gadget,Hardware,6,202.01,1212.06,1178
87,2025-06-14,South,Thingamajig,Accessories,8,229.78,1838.24,1031
88,2025-04-12,North,Doohickey,Electronics,17,247.03,4199.51,1152
89,2024-11-20,West,Doohickey,Electronics,20,204.68,4093.6,1129
90,2025-03-12,West,Thingamajig,Accessories,15,224.82,3372.3,1190
91,2025-05-01,South,Gadget,Hardware,9,192.62,1733.58,1133
92,2025-05-11,East,Gizmo,Electronics,15,23.98,359.7,1073
93,2024-08-28,North,Gizmo,Electronics,18,24.74,445.32,1038
94,2024-08-24,South,Gadget,Hardware,7,20.74,145.18,1104
95,2024-12-04,South,Doohickey,Electronics,2,55.67,111.34,1107
96,2025-02-02,West,Thingamajig,Accessories,1,214.9,214.9,1195
97,2025-08-12,South,Widget,Hardware,12,78.16,937.92,1099
98,2025-03-05,South,Thingamajig,Accessories,20,224.96,4499.2,1124
99,2024-08-12,North,Doohickey,Electronics,1,100.27,100.27,1171
100,2025-11-26,East,Gadget,Hardware,15,230.29,3454.35,1159
101,2025-06-30,North,Doohickey,Electronics,19,143.28,2722.32,1006
102,2024-03-26,East,Gadget,Hardware,15,49.52,742.8,1066
103,2025-01-23,South,Doohickey,Electronics,11,87.69,964.59,1097
104,2024-10-11,East,Doohickey,Electronics,9,209.55,1885.95,1120
105,2024-01-20,East,Widget,Hardware,12,59.93,719.16,1017
106,2025-10-29,North,Widget,Hardware,8,53.84,430.72,1005
107,2025-09-28,North,Gadget,Hardware,16,169.02,2704.32,1144
108,2024-08-11,South,Gizmo,Electronics,12,46.11,553.32,1155
109,2024-04-27,East,Gadget,Hardware,10,31.48,314.8,1006
110,2024-11-15,East,Doohickey,Electronics,13,235.66,3063.58,1050
111,2024-03-18,East,Gadget,Hardware,4,175.81,703.24,1077
112,2025-12-01,East,Widget,Hardware,19,196.75,3738.25,1088
113,2025-06-29,South,Gizmo,Electronics,3,128.96,386.88,1087
114,2024-01-13,West,Doohickey,Electronics,4,111.21,444.84,1092
115,2025-10-12,West,Doohickey,Electronics,5,111.69,558.45,1187
116,2025-06-18,West,Gizmo,Electronics,20,203.01,4060.2,1137
117,2025-05-10,South,Thingamajig,Accessories,9,83.96,755.64,1062
118,2024-03-29,North,Doohickey,Electronics,8,188.87,1510.96,1145
119,2025-09-16,East,Gizmo,Electronics,1,126.11,126.11,1083
120,2024-07-05,South,Gizmo,Electronics,9,88.38,795.42,1152
121,2025-12-19,West,Thingamajig,Accessories,1,131.57,131.57,1048
122,2024-03-28,North,Doohickey,Electronics,16,141.02,2256.32,1061
123,2025-12-08,South,Doohickey,Electronics,15,199.27,2989.05,1023
124,2024-10-28,North,Gadget,Hardware,10,167.67,1676.7,1094
125,2025-04-29,East,Gizmo,Electronics,14,249.17,3488.38,1140
126,2024-12-04,South,Doohickey,Electronics,9,80.12,721.08,1059
127,2024-05-03,East,Gizmo,Electronics,4,187.01,748.04,1195
128,2025-12-07,North,Gadget,Hardware,16,72.74,1163.84,1150
129,2025-06-21,East,Widget,Hardware,7,77.58,543.06,1092
130,2024-07-02,South,Thingamajig,Accessories,5,72.21,361.05,1013
131,2025-07-20,North,Gadget,Hardware,16,30.13,482.08,1003
132,2025-08-10,North,Doohickey,Electronics,15,88.47,1327.05,1013
133,2024-09-15,West,Doohickey,Electronics,4,206.42,825.68,1102
134,2025-05-18,North,Widget,Hardware,5,41.55,207.75,1144
135,2024-11-07,North,Gadget,Hardware,4,141.73,566.92,1106
136,2025-09-12,East,Thingamajig,Accessories,8,195.04,1560.32,1097
137,2025-04-06,West,Gizmo,Electronics,19,247.56,4703.64,1078
138,2025-08-05,East,Thingamajig,Accessories,4,237.16,948.64,1053
139,2025-10-02,North,Widget,Hardware,6,63.77,382.62,1141
140,2024-03-17,North,Doohickey,Electronics,15,173.9,2608.5,1120
141,2024-10-25,North,Gizmo,Electronics,10,177.23,1772.3,1116
142,2024-03-13,East,Gizmo,Electronics,19,166.99,3172.81,1050
143,2025-03-11,North,Gadget,Hardware,5,227.56,1137.8,1036
144,2024-03-14,North,Gizmo,Electronics,20,188.49,3769.8,1145
145,2024-10-22,South,Doohickey,Electronics,10,176.43,1764.3,1069
146,2025-05-27,South,Doohickey,Electronics,3,151.52,454.56,1110
147,2024-11-26,East,Widget,Hardware,3,61.09,183.27,1172
148,2025-08-12,East,Widget,Hardware,9,146.18,1315.62,1195
149,2024-06-28,South,Doohickey,Electronics,9,49.46,445.14,1149
150,2025-03-22,East,Doohickey,Electronics,3,120.15,360.45,1104
151,2024-12-07,South,Widget,Hardware,6,85.8,514.8,1177
152,2025-05-22,North,Doohickey,Electronics,18,13.99,251.82,1022
153,2024-11-18,North,Widget,Hardware,13,216.9,2819.7,1000
154,2025-11-04,West,Doohickey,Electronics,14,18.28,255.92,1132
155,2025-01-05,East,Doohickey,Electronics,15,191.2,2868.0,1052
156,2024-09-30,South,Gizmo,Electronics,15,220.81,3312.15,1124
157,2024-05-04,North,Thingamajig,Accessories,8,178.9,1431.2,1079
158,2025-07-18,North,Doohickey,Electronics,3,60.05,180.15,1029
159,2025-04-17,West,Gadget,Hardware,16,233.5,3736.0,1074
160,2025-06-05,East,Doohickey,Electronics,16,245.16,3922.56,1062
161,2025-04-12,East,Doohickey,Electronics,7,230.86,1616.02,1130
162,2024-05-19,West,Gizmo,Electronics,14,88.27,1235.78,1129
163,2024-09-30,West,Gizmo,Electronics,10,210.18,2101.8,1148
164,2025-11-06,South,Gadget,Hardware,15,136.95,2054.25,1088
165,2024-12-06,East,Thingamajig,Accessories,13,116.56,1515.28,1082
166,2024-07-12,West,Gadget,Hardware,19,98.83,1877.77,1198
167,2025-02-24,North,Doohickey,Electronics,13,99.59,1294.67,1169
168,2025-10-29,West,Doohickey,Electronics,2,35.93,71.86,1151
169,2024-12-05,West,Doohickey,Electronics,4,133.86,535.44,1116
170,2024-01-16,East,Doohickey,Electronics,5,23.33,116.65,1067
171,2024-12-12,East,Doohickey,Electronics,3,213.68,641.04,1172
172,2025-06-30,South,Gizmo,Electronics,16,218.73,3499.68,1009
173,2025-09-24,North,Gizmo,Electronics,8,187.96,1503.68,1111
174,2024-04-10,East,Widget,Hardware,15,45.76,686.4,1076
175,2024-01-30,North,Widget,Hardware,10,92.82,928.2,1110
176,2024-05-29,North,Doohickey,Electronics,19,172.04,3268.76,1046
177,2024-06-23,North,Thingamajig,Accessories,13,156.83,2038.79,1061
178,2025-05-24,West,Gadget,Hardware,8,117.98,943.84,1065
179,2025-04-15,North,Widget,Hardware,15,225.8,3387.0,1173
180,2025-07-13,North,Doohickey,Electronics,12,246.97,2963.64,1076
181,2025-10-16,West,Gizmo,Electronics,15,212.1,3181.5,1050
182,2025-01-28,West,Widget,Hardware,8,98.43,787.44,1091
183,2025-08-11,North,Gizmo,Electronics,1,244.6,244.6,1168
184,2025-02-09,North,Thingamajig,Accessories,2,228.1,456.2,1190
185,2025-05-23,West,Gizmo,Electronics,8,153.73,1229.84,1090
186,2024-08-12,East,Thingamajig,Accessories,9,171.05,1539.45,1184
187,2025-11-06,East,Gadget,Hardware,4,226.33,905.32,1165
188,2024-02-10,South,Doohickey,Electronics,2,147.0,294.0,1187
189,2024-05-14,North,Gizmo,Electronics,11,188.13,2069.43,1044
190,2024-07-24,North,Thingamajig,Accessories,12,135.06,1620.72,1069
191,2024-06-17,North,Doohickey,Electronics,10,187.91,1879.1,1086
192,2024-04-27,South,Widget,Hardware,5,189.77,948.85,1057
193,2025-11-23,East,Doohickey,Electronics,18,94.61,1702.98,1101
194,2024-01-15,North,Widget,Hardware,15,95.3,1429.5,1191
195,2025-11-19,North,Doohickey,Electronics,12,31.54,378.48,1059
196,2025-04-27,North,Thingamajig,Accessories,11,229.24,2521.64,1056
197,2025-10-25,North,Doohickey,Electronics,10,164.06,1640.6,1029
198,2024-05-23,North,Widget,Hardware,10,249.0,2490.0,1029
199,2024-04-09,North,Thingamajig,Accessories,5,100.22,501.1,1094
200,2025-11-17,West,Thingamajig,Accessories,14,148.9,2084.6,1186
201,2024-06-07,West,Widget,Hardware,16,155.83,2493.28,1071
202,2024-02-03,East,Gadget,Hardware,15,113.95,1709.25,1060
203,2025-01-06,North,Gizmo,Electronics,18,225.92,4066.56,1165
204,2025-01-02,North,Gizmo,Electronics,7,242.21,1695.47,1116
205,2024-04-03,East,Thingamajig,Accessories,1,17.39,17.39,1085
206,2024-09-06,West,Thingamajig,Accessories,7,21.81,152.67,1195
207,2025-07-21,North,Gadget,Hardware,8,85.5,684.0,1037
208,2025-09-02,North,Gadget,Hardware,5,137.35,686.75,1044
209,2024-04-22,East,Widget,Hardware,5,8.64,43.2,1060
210,2025-08-25,South,Gadget,Hardware,9,17.84,160.56,1189
211,2025-03-07,South,Widget,Hardware,16,114.83,1837.28,1092
212,2025-06-09,East,Doohickey,Electronics,17,59.28,1007.76,1157
213,2024-02-14,East,Thingamajig,Accessories,10,117.22,1172.2,1007
214,2024-03-03,West,Doohickey,Electronics,14,173.09,2423.26,1125
215,2025-12-30,West,Widget,Hardware,3,83.92,251.76,1037
216,2024-03-08,North,Thingamajig,Accessories,19,139.35,2647.65,1083
217,2025-01-25,West,Thingamajig,Accessories,10,116.16,1161.6,1154
218,2025-03-16,North,Widget,Hardware,18,181.61,3268.98,1055
219,2025-03-16,South,Gadget,Hardware,14,88.04,1232.56,1116
220,2025-02-12,South,Widget,Hardware,11,109.56,1205.16,1170
221,2024-09-18,South,Gadget,Hardware,16,21.45,343.2,1021
222,2024-04-05,South,Gizmo,Electronics,5,141.31,706.55,1150
223,2025-07-29,East,Widget,Hardware,14,91.63,1282.82,1170
224,2025-03-09,West,Widget,Hardware,10,152.1,1521.0,1090
225,2024-04-16,East,Gadget,Hardware,5,165.9,829.5,1057
226,2024-04-20,South,Thingamajig,Accessories,12,33.15,397.8,1071
227,2025-08-10,North,Doohickey,Electronics,18,243.76,4387.68,1159
228,2025-09-20,East,Thingamajig,Accessories,1,154.2,154.2,1168
229,2025-12-11,North,Gadget,Hardware,9,177.16,1594.44,1079
230,2024-12-13,South,Gadget,Hardware,5,143.75,718.75,1102
231,2024-03-12,North,Widget,Hardware,3,187.8,563.4,1055
232,2025-01-20,South,Gizmo,Electronics,6,95.66,573.96,1184
233,2024-11-28,East,Thingamajig,Accessories,20,25.81,516.2,1013
234,2024-06-08,North,Thingamajig,Accessories,2,170.12,340.24,1069
235,2025-03-29,East,Doohickey,Electronics,20,113.3,2266.0,1069
236,2024-08-08,East,Widget,Hardware,12,110.33,1323.96,1072
237,2025-11-25,East,Doohickey,Electronics,17,168.45,2863.65,1011
238,2024-08-13,South,Thingamajig,Accessories,2,6.88,13.76,1077
239,2024-08-04,East,Gizmo,Electronics,10,85.39,853.9,1001
240,2025-05-24,East,Gadget,Hardware,5,98.15,490.75,1180
241,2024-08-23,South,Gizmo,Electronics,3,102.28,306.84,1189
242,2024-02-13,South,Doohickey,Electronics,3,216.22,648.66,1147
243,2025-03-15,East,Doohickey,Electronics,10,33.22,332.2,1005
244,2024-11-28,North,Thingamajig,Accessories,15,208.85,3132.75,1092
245,2024-03-31,South,Widget,Hardware,8,111.74,893.92,1102
246,2025-06-20,North,Gizmo,Electronics,11,59.29,652.19,1199
247,2024-06-21,North,Widget,Hardware,17,129.94,2208.98,1198
248,2024-12-23,South,Gadget,Hardware,8,30.19,241.52,1065
249,2024-07-21,North,Gadget,Hardware,3,48.4,145.2,1197
250,2025-10-05,South,Thingamajig,Accessories,19,114.98,2184.62,1144
251,2025-10-20,East,Thingamajig,Accessories,11,216.74,2384.14,1160
252,2024-11-19,North,Widget,Hardware,16,113.34,1813.44,1077
253,2024-10-08,East,Gizmo,Electronics,17,23.18,394.06,1118
254,2025-04-07,North,Gizmo,Electronics,10,23.8,238.0,1023
255,2025-09-21,East,Doohickey,Electronics,15,147.18,2207.7,1189
256,2024-02-12,South,Thingamajig,Accessories,7,83.77,586.39,1121
257,2025-05-28,North,Widget,Hardware,15,30.36,455.4,1087
258,2024-03-27,South,Gadget,Hardware,2,65.7,131.4,1112
259,2025-03-25,South,Thingamajig,Accessories,6,94.16,564.96,1072
260,2025-01-31,South,Gizmo,Electronics,20,17.83,356.6,1161
261,2025-10-24,South,Gizmo,Electronics,4,141.7,566.8,1098
262,2024-10-17,North,Thingamajig,Accessories,5,86.67,433.35,1149
263,2025-11-10,North,Gizmo,Electronics,10,242.09,2420.9,1178
264,2025-11-09,South,Thingamajig,Accessories,3,80.85,242.55,1096
265,2025-10-20,East,Gadget,Hardware,17,27.9,474.3,1171
266,2025-03-09,South,Widget,Hardware,12,80.67,968.04,1054
267,2024-12-15,West,Doohickey,Electronics,7,60.5,423.5,1035
268,2024-06-07,North,Widget,Hardware,17,193.86,3295.62,1189
269,2025-06-23,North,Gizmo,Electronics,20,37.11,742.2,1096
270,2024-06-06,North,Thingamajig,Accessories,6,181.69,1090.14,1011
271,2025-02-24,South,Gadget,Hardware,15,154.6,2319.0,1192
272,2025-04-04,North,Gadget,Hardware,10,241.57,2415.7,1120
273,2024-07-17,South,Thingamajig,Accessories,15,118.11,1771.65,1072
274,2025-01-26,South,Doohickey,Electronics,6,205.14,1230.84,1154
275,2024-05-21,West,Widget,Hardware,16,219.16,3506.56,1141
276,2024-04-15,East,Thingamajig,Accessories,4,74.84,299.36,1195
277,2024-06-13,North,Thingamajig,Accessories,5,208.61,1043.05,1023
278,2024-08-15,West,Gizmo,Electronics,1,106.65,106.65,1101
279,2025-05-29,South,Doohickey,Electronics,3,96.85,290.55,1007
280,2024-11-22,West,Gizmo,Electronics,5,38.71,193.55,1073
281,2025-04-28,East,Gadget,Hardware,16,114.91,1838.56,1001
282,2024-03-22,North,Gadget,Hardware,5,139.46,697.3,1186
283,2025-09-15,South,Widget,Hardware,10,63.22,632.2,1031
284,2024-02-18,North,Thingamajig,Accessories,15,20.39,305.85,1127
285,2025-09-03,South,Thingamajig,Accessories,19,64.27,1221.13,1036
286,2024-10-25,South,Thingamajig,Accessories,12,63.94,767.28,1106
287,2024-07-10,East,Widget,Hardware,17,243.79,4144.43,1017
288,2025-06-22,South,Thingamajig,Accessories,18,9.98,179.64,1120
289,2024-02-14,East,Gizmo,Electronics,9,188.09,1692.81,1091
290,2024-03-10,South,Widget,Hardware,19,185.12,3517.28,1085
291,2024-05-16,North,Thingamajig,Accessories,11,204.31,2247.41,1044
292,2025-12-02,South,Doohickey,Electronics,6,203.82,1222.92,1016
293,2025-04-13,North,Gadget,Hardware,2,198.82,397.64,1010
294,2024-11-19,West,Thingamajig,Accessories,13,247.34,3215.42,1139
295,2025-04-29,North,Gadget,Hardware,10,92.46,924.6,1199
296,2024-02-18,West,Gizmo,Electronics,9,35.5,319.5,1094
297,2025-03-23,West,Doohickey,Electronics,13,88.06,1144.78,1047
298,2025-05-23,East,Gizmo,Electronics,17,70.35,1195.95,1021
299,2025-03-10,North,Thingamajig,Accessories,6,138.64,831.84,1082
300,2024-04-15,North,Gizmo,Electronics,10,114.25,1142.5,1183
301,2025-03-12,North,Doohickey,Electronics,12,114.55,1374.6,1186
302,2024-12-27,East,Doohickey,Electronics,9,161.67,1455.03,1014
303,2024-03-17,East,Doohickey,Electronics,12,130.71,1568.52,1191
304,2025-11-26,North,Widget,Hardware,5,212.92,1064.6,1173
305,2025-03-24,North,Widget,Hardware,8,195.74,1565.92,1093
306,2025-01-05,South,Thingamajig,Accessories,2,153.25,306.5,1173
307,2025-04-05,West,Gizmo,Electronics,15,191.96,2879.4,1146
308,2024-05-20,South,Doohickey,Electronics,11,164.14,1805.54,1063
309,2024-04-26,North,Gadget,Hardware,16,131.85,2109.6,1143
310,2024-04-30,North,Gizmo,Electronics,15,57.57,863.55,1156
311,2024-10-19,East,Doohickey,Electronics,7,35.05,245.35,1018
312,2025-04-07,North,Doohickey,Electronics,3,203.58,610.74,1081
313,2025-11-14,South,Widget,Hardware,18,137.83,2480.94,1076
314,2024-06-10,East,Gadget,Hardware,12,129.65,1555.8,1031
315,2024-07-24,East,Gadget,Hardware,16,11.44,183.04,1141
316,2025-08-09,South,Thingamajig,Accessories,5,154.93,774.65,1022
317,2024-03-08,South,Doohickey,Electronics,17,105.64,1795.88,1104
318,2025-08-11,North,Gizmo,Electronics,3,115.24,345.72,1174
319,2025-06-13,South,Thingamajig,Accessories,19,49.58,942.02,1033
320,2025-03-19,South,Widget,Hardware,4,131.94,527.76,1077
321,2024-06-17,North,Gadget,Hardware,12,237.13,2845.56,1132
322,2024-10-17,West,Gizmo,Electronics,7,160.59,1124.13,1141
323,2024-10-08,North,Gizmo,Electronics,20,135.7,2714.0,1128
324,2025-10-18,North,Thingamajig,Accessories,5,46.94,234.7,1159
325,2025-09-11,South,Thingamajig,Accessories,2,207.18,414.36,1007
326,2024-03-24,North,Thingamajig,Accessories,9,164.53,1480.77,1196
327,2025-08-08,South,Widget,Hardware,16,222.8,3564.8,1139
328,2024-10-23,East,Gizmo,Electronics,16,65.0,1040.0,1175
329,2025-02-19,North,Widget,Hardware,2,43.73,87.46,1106
330,2025-05-10,South,Gizmo,Electronics,20,40.2,804.0,1183
331,2024-11-22,East,Gizmo,Electronics,13,37.04,481.52,1094
332,2025-06-11,East,Gizmo,Electronics,8,119.29,954.32,1068
333,2025-04-05,North,Widget,Hardware,2,76.1,152.2,1098
334,2025-09-22,South,Gadget,Hardware,11,233.77,2571.47,1184
335,2024-11-16,North,Gadget,Hardware,16,249.01,3984.16,1119
336,2025-05-25,West,Doohickey,Electronics,1,27.06,27.06,1100
337,2025-06-01,South,Gadget,Hardware,7,147.92,1035.44,1012
338,2024-02-21,North,Thingamajig,Accessories,16,75.01,1200.16,1002
339,2024-04-20,South,Gizmo,Electronics,12,192.14,2305.68,1093
340,2024-02-16,South,Thingamajig,Accessories,18,52.69,948.42,1141
341,2024-10-22,North,Thingamajig,Accessories,15,192.28,2884.2,1071
342,2025-09-30,East,Widget,Hardware,5,243.9,1219.5,1100
343,2025-01-17,East,Gizmo,Electronics,18,235.04,4230.72,1193
344,2024-05-27,North,Thingamajig,Accessories,13,127.52,1657.76,1011
345,2024-02-09,North,Gizmo,Electronics,16,132.24,2115.84,1038
346,2025-09-12,West,Gadget,Hardware,11,233.19,2565.09,1081
347,2024-06-15,South,Thingamajig,Accessories,10,150.46,1504.6,1129
348,2025-06-05,South,Thingamajig,Accessories,10,121.35,1213.5,1004
349,2025-01-12,South,Widget,Hardware,14,148.01,2072.14,1185
350,2025-12-05,East,Thingamajig,Accessories,16,70.05,1120.8,1167
351,2025-08-15,East,Widget,Hardware,19,122.71,2331.49,1134
352,2025-10-06,East,Doohickey,Electronics,5,206.31,1031.55,1062
353,2024-02-02,East,Widget,Hardware,7,9.64,67.48,1080
354,2025-03-04,North,Gadget,Hardware,14,127.95,1791.3,1156
355,2025-04-27,West,Widget,Hardware,5,132.08,660.4,1143
356,2024-11-28,West,Doohickey,Electronics,17,97.32,1654.44,1044
357,2025-04-15,West,Gizmo,Electronics,18,91.8,1652.4,1197
358,2025-11-28,East,Gizmo,Electronics,20,123.62,2472.4,1063
359,2024-10-12,East,Gadget,Hardware,10,193.94,1939.4,1180
360,2024-07-31,East,Doohickey,Electronics,11,122.55,1348.05,1143
361,2024-10-07,North,Thingamajig,Accessories,18,98.03,1764.54,1101
362,2024-12-19,West,Gadget,Hardware,10,15.31,153.1,1182
363,2024-03-21,South,Doohickey,Electronics,9,188.1,1692.9,1054
364,2024-07-25,West,Gizmo,Electronics,18,175.56,3160.08,1035
365,2024-04-21,East,Thingamajig,Accessories,8,64.4,515.2,1171
366,2025-06-27,North,Gadget,Hardware,2,29.55,59.1,1084
367,2025-04-28,North,Gadget,Hardware,1,241.31,241.31,1040
368,2025-02-20,East,Doohickey,Electronics,16,164.38,2630.08,1193
369,2024-10-21,South,Widget,Hardware,3,164.81,494.43,1059
370,2025-07-01,East,Widget,Hardware,6,107.38,644.28,1045
371,2024-02-07,West,Doohickey,Electronics,16,50.65,810.4,1191
372,2024-10-23,West,Widget,Hardware,10,144.15,1441.5,1027
373,2024-12-09,North,Thingamajig,Accessories,17,126.01,2142.17,1034
374,2025-05-31,South,Gadget,Hardware,4,86.02,344.08,1187
375,2025-04-14,East,Gadget,Hardware,1,185.47,185.47,1075
376,2025-08-04,East,Gadget,Hardware,6,154.68,928.08,1163
377,2025-02-19,West,Thingamajig,Accessories,11,26.25,288.75,1171
378,2024-04-07,North,Gadget,Hardware,16,84.28,1348.48,1063
379,2024-01-07,North,Gadget,Hardware,15,189.67,2845.05,1084
380,2024-11-05,East,Thingamajig,Accessories,1,69.08,69.08,1092
381,2025-12-10,North,Widget,Hardware,15,80.17,1202.55,1103
382,2025-12-03,South,Gizmo,Electronics,4,161.48,645.92,1075
383,2025-01-11,East,Gadget,Hardware,5,122.15,610.75,1116
384,2025-09-12,South,Thingamajig,Accessories,16,190.55,3048.8,1170
385,2024-08-11,East,Thingamajig,Accessories,3,133.75,401.25,1135
386,2025-12-21,South,Thingamajig,Accessories,4,20.13,80.52,1140
387,2025-06-01,North,Thingamajig,Accessories,5,45.31,226.55,1133
388,2025-03-28,North,Gadget,Hardware,19,124.76,2370.44,1130
389,2025-04-01,West,Doohickey,Electronics,5,130.75,653.75,1116
390,2025-07-31,North,Doohickey,Electronics,10,182.2,1822.0,1101
391,2024-09-17,West,Gadget,Hardware,19,22.89,434.91,1108
392,2024-12-18,East,Thingamajig,Accessories,2,233.97,467.94,1017
393,2025-04-28,North,Doohickey,Electronics,6,193.4,1160.4,1196
394,2025-10-18,West,Doohickey,Electronics,12,248.25,2979.0,1097
395,2025-04-04,West,Doohickey,Electronics,13,24.66,320.58,1169
396,2025-07-06,North,Gizmo,Electronics,4,48.73,194.92,1137
397,2025-02-06,South,Gadget,Hardware,1,190.26,190.26,1076
398,2025-04-19,East,Thingamajig,Accessories,14,135.32,1894.48,1058
399,2024-09-10,South,Gadget,Hardware,9,51.18,460.62,1185
400,2024-04-25,North,Doohickey,Electronics,20,192.68,3853.6,1004
401,2024-09-03,North,Widget,Hardware,20,13.23,264.6,1153
402,2025-11-19,East,Widget,Hardware,8,186.43,1491.44,1102
403,2025-03-25,North,Gadget,Hardware,2,39.33,78.66,1074
404,2024-08-27,West,Thingamajig,Accessories,11,146.48,1611.28,1197
405,2025-11-19,West,Gadget,Hardware,10,219.68,2196.8,1169
406,2025-06-17,North,Gizmo,Electronics,9,19.93,179.37,1151
407,2024-06-28,East,Doohickey,Electronics,18,126.43,2275.74,1088
408,2025-10-20,East,Thingamajig,Accessories,11,175.6,1931.6,1104
409,2024-06-01,North,Gadget,Hardware,18,121.01,2178.18,1057
410,2024-11-03,West,Gadget,Hardware,15,229.11,3436.65,1143
411,2025-02-26,West,Thingamajig,Accessories,17,37.85,643.45,1062
412,2024-09-18,North,Widget,Hardware,15,212.55,3188.25,1023
413,2025-07-02,East,Gadget,Hardware,2,70.77,141.54,1172
414,2025-09-11,East,Widget,Hardware,7,202.14,1414.98,1150
415,2025-11-18,East,Doohickey,Electronics,7,218.02,1526.14,1085
416,2024-11-06,West,Widget,Hardware,7,234.6,1642.2,1189
417,2024-04-30,East,Doohickey,Electronics,8,175.43,1403.44,1180
418,2024-07-28,South,Gadget,Hardware,18,83.8,1508.4,1072
419,2025-01-24,South,Gizmo,Electronics,10,69.08,690.8,1131
420,2025-05-24,South,Doohickey,Electronics,11,229.01,2519.11,1094
421,2024-11-16,South,Thingamajig,Accessories,8,186.61,1492.88,1004
422,2024-09-24,East,Thingamajig,Accessories,19,181.4,3446.6,1075
423,2024-06-05,North,Gadget,Hardware,13,144.6,1879.8,1062
424,2025-05-26,East,Gizmo,Electronics,9,192.02,1728.18,1125
425,2025-10-19,East,Doohickey,Electronics,6,184.53,1107.18,1090
426,2024-06-22,North,Thingamajig,Accessories,16,50.09,801.44,1138
427,2025-10-19,West,Thingamajig,Accessories,2,210.57,421.14,1019
428,2025-11-15,North,Widget,Hardware,14,38.69,541.66,1161
429,2024-08-24,North,Gadget,Hardware,1,58.59,58.59,1116
430,2025-01-17,North,Thingamajig,Accessories,16,166.52,2664.32,1004
431,2024-01-07,South,Doohickey,Electronics,1,9.1,9.1,1184
432,2024-10-08,South,Gizmo,Electronics,1,128.04,128.04,1178
433,2025-11-21,South,Gadget,Hardware,4,229.92,919.68,1134
434,2024-06-01,North,Thingamajig,Accessories,17,66.84,1136.28,1090
435,2024-09-30,East,Widget,Hardware,12,240.03,2880.36,1117
436,2025-08-01,North,Gadget,Hardware,10,172.59,1725.9,1020
437,2025-10-31,West,Widget,Hardware,3,104.29,312.87,1096
438,2025-07-19,South,Widget,Hardware,6,25.26,151.56,1111
439,2025-10-22,East,Thingamajig,Accessories,4,224.22,896.88,1010
440,2024-08-23,North,Thingamajig,Accessories,16,71.42,1142.72,1019
441,2025-12-01,West,Thingamajig,Accessories,19,166.24,3158.56,1045
442,2024-11-18,North,Gadget,Hardware,19,40.33,766.27,1182
443,2025-02-11,West,Gizmo,Electronics,6,143.17,859.02,1145
444,2025-02-02,East,Thingamajig,Accessories,11,99.04,1089.44,1189
445,2024-05-23,East,Widget,Hardware,17,187.64,3189.88,1088
446,2024-02-24,North,Gadget,Hardware,3,88.45,265.35,1196
447,2025-09-20,West,Doohickey,Electronics,11,12.26,134.86,1069
448,2025-04-06,South,Gizmo,Electronics,18,235.58,4240.44,1110
449,2024-07-09,East,Doohickey,Electronics,3,194.18,582.54,1075
450,2024-09-09,East,Widget,Hardware,9,42.78,385.02,1182
451,2025-10-11,North,Doohickey,Electronics,11,93.37,1027.07,1023
452,2024-01-06,West,Doohickey,Electronics,12,191.53,2298.36,1026
453,2024-05-15,North,Doohickey,Electronics,15,141.46,2121.9,1131
454,2025-02-21,North,Widget,Hardware,12,140.78,1689.36,1152
455,2025-09-04,East,Doohickey,Electronics,1,76.5,76.5,1099
456,2024-03-27,East,Thingamajig,Accessories,8,145.13,1161.04,1043
457,2025-12-02,South,Gadget,Hardware,9,78.78,709.02,1126
458,2024-05-29,North,Doohickey,Electronics,9,108.17,973.53,1123
459,2024-03-19,South,Gadget,Hardware,16,150.48,2407.68,1050
460,2025-04-13,North,Gizmo,Electronics,1,237.46,237.46,1085
461,2025-09-27,South,Gizmo,Electronics,15,87.01,1305.15,1166
462,2025-08-31,North,Gizmo,Electronics,20,237.08,4741.6,1051
463,2025-05-05,South,Doohickey,Electronics,11,76.4,840.4,1177
464,2025-10-10,South,Thingamajig,Accessories,8,84.84,678.72,1071
465,2025-02-06,South,Thingamajig,Accessories,7,150.1,1050.7,1139
466,2024-07-03,East,Thingamajig,Accessories,1,238.49,238.49,1118
467,2025-12-26,North,Gizmo,Electronics,3,205.65,616.95,1104
468,2025-11-20,South,Gizmo,Electronics,8,66.91,535.28,1039
469,2025-03-09,East,Widget,Hardware,15,247.72,3715.8,1122
470,2025-08-19,South,Thingamajig,Accessories,14,138.19,1934.66,1092
471,2025-12-19,West,Thingamajig,Accessories,20,161.35,3227.0,1021
472,2024-04-21,East,Gizmo,Electronics,6,163.51,981.06,1011
473,2025-07-30,West,Doohickey,Electronics,11,241.6,2657.6,1110
474,2024-04-18,North,Gizmo,Electronics,8,130.12,1040.96,1132
475,2025-07-25,East,Thingamajig,Accessories,8,114.22,913.76,1100
476,2025-04-19,East,Thingamajig,Accessories,17,41.93,712.81,1006
477,2025-05-09,North,Doohickey,Electronics,3,33.44,100.32,1186
478,2024-05-25,South,Gizmo,Electronics,15,197.15,2957.25,1133
479,2025-05-09,South,Widget,Hardware,15,181.89,2728.35,1115
480,2024-11-22,North,Widget,Hardware,4,10.53,42.12,1087
481,2025-10-25,North,Gadget,Hardware,8,131.42,1051.36,1141
482,2024-06-12,South,Doohickey,Electronics,15,61.8,927.0,1103
483,2025-10-06,North,Doohickey,Electronics,13,12.15,157.95,1157
484,2024-07-21,South,Doohickey,Electronics,13,6.09,79.17,1054
485,2024-07-29,North,Widget,Hardware,19,29.93,568.67,1137
486,2024-07-10,South,Gadget,Hardware,15,32.92,493.8,1171
487,2025-05-16,South,Gizmo,Electronics,20,100.22,2004.4,1100
488,2025-08-24,North,Gizmo,Electronics,15,156.25,2343.75,1172
489,2025-12-23,West,Thingamajig,Accessories,19,25.76,489.44,1034
490,2024-11-16,North,Gizmo,Electronics,4,49.85,199.4,1177
491,2024-05-24,South,Doohickey,Electronics,20,38.78,775.6,1098
492,2025-03-09,North,Thingamajig,Accessories,6,140.95,845.7,1125
493,2024-10-22,North,Gizmo,Electronics,15,156.76,2351.4,1091
494,2024-01-10,South,Gadget,Hardware,13,241.14,3134.82,1129
495,2025-10-30,South,Doohickey,Electronics,14,178.98,2505.72,1113
496,2025-05-15,North,Thingamajig,Accessories,1,199.99,199.99,1056
497,2024-10-26,North,Gadget,Hardware,18,75.72,1362.96,1199
498,2025-04-13,East,Doohickey,Electronics,18,130.15,2342.7,1146
499,2024-04-26,North,Thingamajig,Accessories,12,137.8,1653.6,1193
500,2024-02-12,East,Doohickey,Electronics,18,58.54,1053.72,1108
501,2024-04-14,East,Gadget,Hardware,10,219.33,2193.3,1008
502,2025-04-05,North,Widget,Hardware,15,217.0,3255.0,1030
503,2024-08-30,North,Thingamajig,Accessories,12,215.96,2591.52,1156
504,2025-10-09,South,Thingamajig,Accessories,5,197.29,986.45,1052
505,2024-03-01,East,Thingamajig,Accessories,9,151.23,1361.07,1043
506,2024-11-27,West,Gizmo,Electronics,10,145.32,1453.2,1131
507,2025-11-26,West,Gadget,Hardware,14,230.1,3221.4,1070
508,2025-11-02,North,Gadget,Hardware,8,40.83,326.64,1082
509,2024-09-10,East,Doohickey,Electronics,16,39.83,637.28,1161
510,2024-10-02,East,Doohickey,Electronics,15,23.5,352.5,1196
511,2024-04-05,South,Gizmo,Electronics,12,116.4,1396.8,1124
512,2024-12-01,East,Widget,Hardware,15,160.54,2408.1,1178
513,2025-01-01,West,Thingamajig,Accessories,13,58.37,758.81,1109
514,2024-08-04,South,Gizmo,Electronics,10,87.75,877.5,1147
515,2024-05-13,East,Doohickey,Electronics,11,224.07,2464.77,1195
516,2024-02-19,North,Doohickey,Electronics,1,35.44,35.44,1040
517,2025-03-27,South,Doohickey,Electronics,7,248.95,1742.65,1033
518,2025-10-27,South,Gizmo,Electronics,3,165.37,496.11,1064
519,2024-03-25,South,Gadget,Hardware,2,102.1,204.2,1078
520,2025-12-17,East,Doohickey,Electronics,3,177.41,532.23,1000
521,2024-08-06,South,Gadget,Hardware,19,60.42,1147.98,1174
522,2025-03-31,North,Gizmo,Electronics,4,247.1,988.4,1108
523,2025-12-11,North,Widget,Hardware,8,98.85,790.8,1187
524,2024-04-14,North,Gizmo,Electronics,10,38.6,386.0,1198
525,2024-05-16,East,Gadget,Hardware,3,134.97,404.91,1002
526,2025-09-16,East,Doohickey,Electronics,12,182.0,2184.0,1160
527,2024-06-04,West,Thingamajig,Accessories,15,215.69,3235.35,1022
528,2024-04-12,North,Widget,Hardware,19,183.85,3493.15,1089
529,2025-03-15,South,Gadget,Hardware,8,72.86,582.88,1021
530,2024-09-11,East,Thingamajig,Accessories,20,74.81,1496.2,1176
531,2024-01-28,West,Gizmo,Electronics,7,131.85,922.95,1130
532,2024-07-12,East,Gizmo,Electronics,2,197.03,394.06,1061
533,2025-05-21,South,Gadget,Hardware,16,161.33,2581.28,1018
534,2025-06-24,West,Widget,Hardware,12,233.81,2805.72,1033
535,2025-01-31,West,Thingamajig,Accessories,14,94.53,1323.42,1174
536,2024-06-25,East,Widget,Hardware,1,148.9,148.9,1003
537,2024-09-25,North,Widget,Hardware,13,129.12,1678.56,1160
538,2025-12-30,South,Doohickey,Electronics,14,176.94,2477.16,1021
539,2025-10-17,South,Thingamajig,Accessories,5,72.98,364.9,1079
540,2024-03-21,South,Gadget,Hardware,5,136.42,682.1,1100
541,2025-08-23,East,Widget,Hardware,10,176.18,1761.8,1186
542,2024-09-01,North,Widget,Hardware,14,33.42,467.88,1156
543,2025-09-15,North,Gadget,Hardware,4,8.1,32.4,1035
544,2025-12-19,North,Doohickey,Electronics,12,133.14,1597.68,1184
545,2024-09-22,North,Gadget,Hardware,9,184.57,1661.13,1030
546,2024-01-31,South,Doohickey,Electronics,9,133.34,1200.06,1067
547,2025-12-30,West,Widget,Hardware,16,116.52,1864.32,1092
548,2024-02-26,South,Thingamajig,Accessories,6,95.08,570.48,1065
549,2024-04-15,West,Widget,Hardware,8,186.49,1491.92,1000
550,2024-02-15,West,Widget,Hardware,8,16.27,130.16,1093
551,2025-01-27,West,Gadget,Hardware,2,140.45,280.9,1182
552,2025-11-02,South,Gizmo,Electronics,8,106.98,855.84,1184
553,2024-11-23,North,Widget,Hardware,19,96.34,1830.46,1128
554,2025-11-20,West,Gadget,Hardware,8,202.06,1616.48,1011
555,2025-02-14,North,Doohickey,Electronics,10,194.51,1945.1,1079
556,2024-12-01,North,Doohickey,Electronics,1,95.39,95.39,1074
557,2025-07-31,East,Thingamajig,Accessories,8,118.66,949.28,1151
558,2025-05-20,West,Gadget,Hardware,18,191.32,3443.76,1062
559,2024-06-03,North,Doohickey,Electronics,1,62.08,62.08,1088
560,2025-10-13,West,Widget,Hardware,11,5.36,58.96,1168
561,2025-01-20,West,Gizmo,Electronics,4,55.27,221.08,1060
562,2025-03-05,South,Widget,Hardware,5,179.35,896.75,1023
563,2024-02-14,West,Thingamajig,Accessories,14,176.71,2473.94,1095
564,2025-04-14,West,Widget,Hardware,19,28.42,539.98,1034
565,2025-10-14,West,Widget,Hardware,19,144.12,2738.28,1111
566,2025-11-09,West,Gadget,Hardware,10,68.94,689.4,1080
567,2025-02-06,East,Gizmo,Electronics,11,115.93,1275.23,1059
568,2024-03-17,West,Gadget,Hardware,19,31.7,602.3,1027
569,2024-06-17,South,Gizmo,Electronics,14,34.58,484.12,1091
570,2024-07-31,South,Doohickey,Electronics,9,213.86,1924.74,1023
571,2024-06-10,West,Gizmo,Electronics,20,14.88,297.6,1083
572,2024-05-31,North,Gadget,Hardware,12,102.08,1224.96,1012
573,2025-11-24,North,Gadget,Hardware,1,238.26,238.26,1115
574,2025-07-23,East,Gadget,Hardware,4,118.2,472.8,1035
575,2024-05-04,North,Gadget,Hardware,5,53.54,267.7,1102
576,2025-01-16,East,Widget,Hardware,19,148.6,2823.4,1019
577,2024-01-23,West,Gadget,Hardware,15,203.28,3049.2,1023
578,2024-12-05,North,Doohickey,Electronics,2,46.16,92.32,1146
579,2025-03-19,West,Doohickey,Electronics,16,12.22,195.52,1174
580,2025-03-12,North,Gadget,Hardware,6,72.37,434.22,1114
581,2024-06-01,North,Thingamajig,Accessories,20,65.22,1304.4,1075
582,2025-05-25,South,Thingamajig,Accessories,16,19.94,319.04,1071
583,2025-01-27,North,Gadget,Hardware,17,66.04,1122.68,1139
584,2024-01-20,West,Gizmo,Electronics,16,138.41,2214.56,1124
585,2024-12-18,West,Thingamajig,Accessories,11,100.15,1101.65,1046
586,2024-01-27,South,Gadget,Hardware,1,224.46,224.46,1199
587,2024-10-14,North,Doohickey,Electronics,17,92.57,1573.69,1149
588,2024-08-26,West,Widget,Hardware,8,165.93,1327.44,1068
589,2025-06-30,West,Widget,Hardware,8,146.04,1168.32,1099
590,2024-12-29,West,Gadget,Hardware,6,62.96,377.76,1081
591,2025-12-15,South,Thingamajig,Accessories,1,177.35,177.35,1090
592,2025-08-04,East,Thingamajig,Accessories,7,209.99,1469.93,1126
593,2025-07-09,South,Doohickey,Electronics,2,27.11,54.22,1059
594,2025-09-08,North,Thingamajig,Accessories,16,5.17,82.72,1157
595,2024-07-25,West,Gizmo,Electronics,6,230.1,1380.6,1082
596,2024-03-01,North,Thingamajig,Accessories,5,194.72,973.6,1134
597,2025-01-08,West,Gizmo,Electronics,13,148.57,1931.41,1086
598,2024-11-05,South,Gadget,Hardware,14,199.0,2786.0,1124
599,2025-10-26,South,Thingamajig,Accessories,20,197.81,3956.2,1057
600,2025-11-12,East,Gadget,Hardware,13,80.17,1042.21,1176
601,2024-10-28,North,Widget,Hardware,19,100.94,1917.86,1197
602,2025-08-04,North,Thingamajig,Accessories,11,230.65,2537.15,1156
603,2024-08-14,East,Widget,Hardware,16,39.46,631.36,1190
604,2024-03-20,North,Gizmo,Electronics,6,160.87,965.22,1022
605,2025-12-26,East,Gizmo,Electronics,15,7.79,116.85,1053
606,2024-09-12,East,Gizmo,Electronics,9,197.82,1780.38,1184
607,2024-01-02,North,Doohickey,Electronics,14,242.43,3394.02,1105
608,2025-05-19,West,Gizmo,Electronics,18,96.96,1745.28,1122
609,2025-08-14,East,Gadget,Hardware,6,115.57,693.42,1008
610,2024-10-28,North,Gizmo,Electronics,4,23.18,92.72,1043
611,2025-01-19,North,Widget,Hardware,18,235.75,4243.5,1023
612,2024-12-12,East,Thingamajig,Accessories,16,177.6,2841.6,1110
613,2025-10-31,North,Doohickey,Electronics,6,18.12,108.72,1084
614,2024-07-29,West,Doohickey,Electronics,18,181.9,3274.2,1186
615,2025-07-07,North,Gizmo,Electronics,10,63.2,632.0,1012
616,2025-02-06,East,Doohickey,Electronics,5,18.35,91.75,1000
617,2025-03-13,North,Thingamajig,Accessories,16,53.92,862.72,1006
618,2024-07-30,North,Gizmo,Electronics,3,121.02,363.06,1029
619,2024-11-11,East,Doohickey,Electronics,16,224.24,3587.84,1067
620,2024-04-03,East,Doohickey,Electronics,6,95.9,575.4,1097
621,2025-01-13,North,Widget,Hardware,9,112.74,1014.66,1067
622,2024-08-19,West,Thingamajig,Accessories,2,42.03,84.06,1178
623,2025-11-14,North,Gizmo,Electronics,18,106.43,1915.74,1193
624,2025-08-26,North,Widget,Hardware,13,205.51,2671.63,1107
625,2025-07-02,East,Doohickey,Electronics,19,221.01,4199.19,1121
626,2024-11-02,North,Widget,Hardware,17,144.95,2464.15,1132
627,2025-08-08,East,Thingamajig,Accessories,5,34.47,172.35,1193
628,2025-04-04,North,Gadget,Hardware,7,203.07,1421.49,1032
629,2024-02-13,South,Doohickey,Electronics,7,249.33,1745.31,1160
630,2024-05-31,West,Gizmo,Electronics,11,228.15,2509.65,1017
631,2024-03-30,South,Doohickey,Electronics,18,84.9,1528.2,1070
632,2025-06-16,South,Widget,Hardware,20,148.96,2979.2,1107
633,2024-04-25,South,Gadget,Hardware,19,149.04,2831.76,1194
634,2024-04-12,West,Thingamajig,Accessories,4,197.51,790.04,1137
635,2024-12-18,West,Gizmo,Electronics,13,165.42,2150.46,1146
636,2025-09-15,South,Gadget,Hardware,9,103.73,933.57,1158
637,2025-09-15,East,Doohickey,Electronics,2,101.97,203.94,1084
638,2025-12-08,North,Doohickey,Electronics,9,224.77,2022.93,1005
639,2024-12-11,West,Gizmo,Electronics,10,73.68,736.8,1125
640,2025-12-13,East,Gadget,Hardware,5,78.62,393.1,1190
641,2025-03-29,East,Gizmo,Electronics,9,183.56,1652.04,1154
642,2025-10-23,North,Doohickey,Electronics,7,228.79,1601.53,1104
643,2025-05-11,East,Gizmo,Electronics,2,131.24,262.48,1040
644,2024-03-08,South,Thingamajig,Accessories,13,38.23,496.99,1134
645,2025-08-05,North,Gadget,Hardware,7,210.06,1470.42,1063
646,2024-02-03,South,Gizmo,Electronics,7,72.12,504.84,1118
647,2025-06-01,South,Widget,Hardware,1,64.27,64.27,1125
648,2025-08-31,South,Doohickey,Electronics,19,140.08,2661.52,1088
649,2024-06-16,West,Gizmo,Electronics,3,74.84,224.52,1098
650,2024-02-20,North,Thingamajig,Accessories,7,214.99,1504.93,1165
651,2024-08-18,East,Gizmo,Electronics,14,130.75,1830.5,1199
652,2025-11-29,North,Gadget,Hardware,6,152.28,913.68,1002
653,2024-08-17,North,Gizmo,Electronics,9,108.83,979.47,1096
654,2024-12-23,South,Gadget,Hardware,15,79.03,1185.45,1133
655,2025-09-30,South,Widget,Hardware,1,130.32,130.32,1169
656,2025-01-18,East,Thingamajig,Accessories,20,74.26,1485.2,1175
657,2024-04-20,South,Gizmo,Electronics,9,161.95,1457.55,1070
658,2024-09-24,East,Gizmo,Electronics,7,41.73,292.11,1195
659,2024-09-03,West,Thingamajig,Accessories,13,166.83,2168.79,1174
660,2024-05-23,East,Doohickey,Electronics,10,68.56,685.6,1107
661,2025-02-18,South,Widget,Hardware,19,178.48,3391.12,1146
662,2024-07-13,South,Gadget,Hardware,18,161.39,2905.02,1121
663,2025-11-18,South,Gizmo,Electronics,6,210.96,1265.76,1142
664,2024-07-04,North,Doohickey,Electronics,5,186.53,932.65,1185
665,2025-07-26,East,Gadget,Hardware,11,165.34,1818.74,1056
666,2024-12-29,North,Gizmo,Electronics,14,198.08,2773.12,1084
667,2025-01-15,North,Gizmo,Electronics,15,213.55,3203.25,1120
668,2024-02-24,West,Thingamajig,Accessories,19,236.35,4490.65,1018
669,2025-04-28,West,Thingamajig,Accessories,4,217.54,870.16,1097
670,2025-06-26,North,Widget,Hardware,5,38.65,193.25,1051
671,2024-12-16,South,Thingamajig,Accessories,15,40.09,601.35,1183
672,2024-07-03,East,Doohickey,Electronics,11,159.6,1755.6,1045
673,2024-11-16,East,Widget,Hardware,15,72.01,1080.15,1194
674,2024-06-21,East,Gadget,Hardware,16,197.38,3158.08,1199
675,2024-03-31,North,Doohickey,Electronics,14,103.83,1453.62,1122
676,2025-01-27,North,Thingamajig,Accessories,7,184.01,1288.07,1003
677,2024-11-25,East,Thingamajig,Accessories,7,9.39,65.73,1001
678,2025-10-03,East,Gadget,Hardware,12,81.46,977.52,1026
679,2025-01-27,South,Gizmo,Electronics,6,21.0,126.0,1011
680,2024-11-01,West,Doohickey,Electronics,17,151.11,2568.87,1086
681,2025-03-20,West,Gadget,Hardware,11,249.05,2739.55,1125
682,2025-01-02,East,Gadget,Hardware,13,9.69,125.97,1057
683,2024-05-14,North,Widget,Hardware,19,128.64,2444.16,1031
684,2025-01-10,East,Widget,Hardware,13,219.75,2856.75,1065
685,2025-07-01,East,Thingamajig,Accessories,2,167.18,334.36,1167
686,2024-01-21,North,Widget,Hardware,14,113.86,1594.04,1031
687,2025-07-14,North,Gadget,Hardware,7,175.32,1227.24,1161
688,2024-01-10,South,Widget,Hardware,17,71.14,1209.38,1155
689,2025-12-18,North,Widget,Hardware,17,181.1,3078.7,1030
690,2024-10-16,North,Widget,Hardware,16,53.67,858.72,1051
691,2024-09-26,West,Gadget,Hardware,12,177.34,2128.08,1075
692,2024-06-13,North,Doohickey,Electronics,7,173.61,1215.27,1123
693,2024-12-04,North,Widget,Hardware,3,227.19,681.57,1146
694,2025-11-16,South,Widget,Hardware,17,23.39,397.63,1185
695,2024-04-13,West,Gadget,Hardware,15,247.22,3708.3,1075
696,2024-09-27,South,Widget,Hardware,6,219.16,1314.96,1074
697,2025-01-03,West,Gizmo,Electronics,14,185.94,2603.16,1024
698,2024-02-16,North,Gadget,Hardware,6,85.52,513.12,1112
699,2025-09-28,North,Widget,Hardware,12,204.67,2456.04,1046
700,2024-04-26,South,Doohickey,Electronics,9,209.75,1887.75,1176
701,2025-05-04,East,Gadget,Hardware,4,37.47,149.88,1185
702,2024-03-01,West,Gadget,Hardware,4,106.93,427.72,1151
703,2025-05-09,West,Doohickey,Electronics,6,154.77,928.62,1199
704,2025-01-02,East,Gadget,Hardware,16,230.5,3688.0,1028
705,2025-02-25,South,Widget,Hardware,9,165.47,1489.23,1003
706,2025-12-22,West,Thingamajig,Accessories,19,182.32,3464.08,1057
707,2025-11-16,West,Thingamajig,Accessories,17,173.62,2951.54,1158
708,2024-04-07,South,Gadget,Hardware,16,89.71,1435.36,1173
709,2025-10-18,South,Thingamajig,Accessories,20,18.37,367.4,1164
710,2024-06-09,South,Doohickey,Electronics,16,218.01,3488.16,1019
711,2025-05-18,South,Gizmo,Electronics,9,17.34,156.06,1057
712,2025-07-17,East,Doohickey,Electronics,8,24.31,194.48,1113
713,2025-08-09,South,Doohickey,Electronics,15,82.44,1236.6,1127
714,2025-10-31,North,Doohickey,Electronics,14,13.78,192.92,1140
715,2024-01-01,West,Thingamajig,Accessories,20,161.2,3224.0,1130
716,2025-07-29,North,Doohickey,Electronics,11,94.02,1034.22,1013
717,2024-08-16,West,Gizmo,Electronics,18,193.02,3474.36,1153
718,2025-04-29,East,Gizmo,Electronics,15,32.94,494.1,1194
719,2025-11-05,North,Gizmo,Electronics,12,208.32,2499.84,1074
720,2025-07-14,South,Widget,Hardware,2,224.73,449.46,1126
721,2024-05-23,West,Doohickey,Electronics,4,67.3,269.2,1050
722,2024-07-11,North,Doohickey,Electronics,7,116.98,818.86,1048
723,2024-12-12,North,Doohickey,Electronics,2,232.02,464.04,1172
724,2025-08-25,North,Doohickey,Electronics,15,166.32,2494.8,1129
725,2024-05-17,West,Widget,Hardware,17,185.37,3151.29,1141
726,2025-03-19,West,Doohickey,Electronics,17,196.36,3338.12,1045
727,2025-12-09,East,Gadget,Hardware,4,99.91,399.64,1153
728,2025-09-12,West,Thingamajig,Accessories,13,107.57,1398.41,1155
729,2025-12-10,East,Gizmo,Electronics,13,241.08,3134.04,1075
730,2025-04-08,West,Gadget,Hardware,14,152.62,2136.68,1191
731,2025-06-08,North,Thingamajig,Accessories,11,179.41,1973.51,1141
732,2025-10-09,North,Gadget,Hardware,20,180.02,3600.4,1175
733,2024-12-19,West,Gadget,Hardware,6,128.45,770.7,1177
734,2025-10-14,South,Widget,Hardware,12,142.76,1713.12,1149
735,2025-08-07,West,Doohickey,Electronics,18,75.05,1350.9,1108
736,2024-01-14,South,Widget,Hardware,13,40.61,527.93,1171
737,2024-02-27,North,Gadget,Hardware,10,172.43,1724.3,1037
738,2024-03-04,East,Gizmo,Electronics,7,189.63,1327.41,1008
739,2025-01-02,West,Widget,Hardware,20,217.67,4353.4,1189
740,2025-07-29,West,Thingamajig,Accessories,13,63.21,821.73,1178
741,2024-10-21,East,Widget,Hardware,13,99.95,1299.35,1175
742,2024-11-16,West,Widget,Hardware,1,187.2,187.2,1051
743,2025-09-27,West,Doohickey,Electronics,8,228.31,1826.48,1180
744,2025-12-27,East,Thingamajig,Accessories,18,185.92,3346.56,1050
745,2024-07-17,North,Gadget,Hardware,3,50.81,152.43,1044
746,2025-06-10,North,Widget,Hardware,14,73.38,1027.32,1067
747,2024-05-13,North,Gizmo,Electronics,1,85.99,85.99,1181
748,2024-06-07,North,Gizmo,Electronics,20,17.46,349.2,1160
749,2025-09-22,West,Gizmo,Electronics,16,198.53,3176.48,1140
750,2025-01-01,North,Gizmo,Electronics,17,58.89,1001.13,1047
751,2025-06-17,North,Thingamajig,Accessories,6,106.9,641.4,1137
752,2025-02-17,North,Gadget,Hardware,7,167.52,1172.64,1084
753,2025-01-04,North,Thingamajig,Accessories,17,121.34,2062.78,1143
754,2025-10-26,North,Gizmo,Electronics,15,63.89,958.35,1164
755,2025-09-20,West,Gadget,Hardware,2,172.23,344.46,1082
756,2025-01-25,West,Widget,Hardware,13,67.86,882.18,1185
757,2024-10-16,North,Thingamajig,Accessories,12,131.01,1572.12,1130
758,2025-04-01,South,Gizmo,Electronics,7,83.48,584.36,1021
759,2024-04-08,North,Thingamajig,Accessories,18,6.8,122.4,1016
760,2024-08-03,East,Gadget,Hardware,14,209.74,2936.36,1052
761,2025-07-04,West,Doohickey,Electronics,3,187.99,563.97,1039
762,2024-01-25,South,Gizmo,Electronics,2,26.44,52.88,1013
763,2024-07-01,East,Thingamajig,Accessories,3,145.87,437.61,1058
764,2024-09-21,South,Doohickey,Electronics,13,111.09,1444.17,1004
765,2025-02-02,East,Thingamajig,Accessories,1,162.15,162.15,1158
766,2024-03-05,East,Thingamajig,Accessories,2,176.72,353.44,1018
767,2025-01-01,West,Widget,Hardware,10,197.79,1977.9,1077
768,2025-09-13,North,Doohickey,Electronics,13,101.8,1323.4,1169
769,2024-02-01,South,Thingamajig,Accessories,8,38.41,307.28,1100
770,2025-07-12,North,Gadget,Hardware,10,170.94,1709.4,1186
771,2025-10-25,South,Widget,Hardware,18,219.32,3947.76,1036
772,2024-05-06,North,Thingamajig,Accessories,20,101.55,2031.0,1140
773,2024-03-28,South,Gizmo,Electronics,7,106.1,742.7,1165
774,2025-06-08,North,Gadget,Hardware,8,156.14,1249.12,1064
775,2024-07-17,North,Thingamajig,Accessories,2,213.59,427.18,1140
776,2025-04-17,East,Widget,Hardware,10,169.56,1695.6,1064
777,2024-04-10,North,Thingamajig,Accessories,16,238.13,3810.08,1091
778,2024-05-11,East,Gadget,Hardware,4,74.86,299.44,1017
779,2024-07-17,South,Doohickey,Electronics,11,156.0,1716.0,1078
780,2025-12-11,East,Thingamajig,Accessories,19,94.3,1791.7,1080
781,2025-03-14,North,Gizmo,Electronics,8,197.49,1579.92,1182
782,2025-10-18,South,Gizmo,Electronics,5,171.5,857.5,1084
783,2025-05-06,South,Gizmo,Electronics,10,124.31,1243.1,1027
784,2024-06-28,East,Widget,Hardware,9,215.38,1938.42,1035
785,2025-07-05,North,Widget,Hardware,3,223.57,670.71,1129
786,2025-10-08,North,Thingamajig,Accessories,19,104.26,1980.94,1151
787,2024-08-05,West,Thingamajig,Accessories,9,138.15,1243.35,1138
788,2025-04-28,East,Gadget,Hardware,12,101.16,1213.92,1197
789,2025-08-26,East,Gizmo,Electronics,5,118.85,594.25,1130
790,2024-04-02,South,Thingamajig,Accessories,1,167.36,167.36,1157
791,2025-12-01,North,Thingamajig,Accessories,5,114.32,571.6,1045
792,2025-08-02,West,Gadget,Hardware,16,235.1,3761.6,1010
793,2024-08-12,East,Gadget,Hardware,3,69.77,209.31,1059
794,2024-02-13,East,Thingamajig,Accessories,12,100.08,1200.96,1116
795,2024-02-17,North,Gizmo,Electronics,4,177.42,709.68,1133
796,2025-10-10,West,Gizmo,Electronics,19,138.37,2629.03,1044
797,2025-01-20,East,Gizmo,Electronics,19,165.07,3136.33,1019
798,2025-06-13,North,Gadget,Hardware,17,104.43,1775.31,1088
799,2025-05-13,East,Thingamajig,Accessories,1,127.95,127.95,1035
800,2025-03-26,North,Widget,Hardware,17,162.65,2765.05,1054
801,2024-06-02,North,Gizmo,Electronics,20,180.74,3614.8,1030
802,2025-11-07,North,Gizmo,Electronics,4,122.97,491.88,1122
803,2025-05-05,North,Gadget,Hardware,14,10.5,147.0,1011
804,2024-05-10,East,Gadget,Hardware,5,159.24,796.2,1010
805,2025-08-09,North,Gadget,Hardware,9,231.0,2079.0,1132
806,2025-02-19,East,Thingamajig,Accessories,1,220.23,220.23,1186
807,2025-11-08,West,Widget,Hardware,7,115.05,805.35,1120
808,2025-05-08,North,Doohickey,Electronics,20,39.96,799.2,1149
809,2024-07-05,East,Thingamajig,Accessories,9,46.09,414.81,1175
810,2024-12-16,West,Thingamajig,Accessories,19,21.87,415.53,1096
811,2025-01-29,North,Widget,Hardware,7,133.06,931.42,1129
812,2025-12-01,South,Gadget,Hardware,20,28.59,571.8,1121
813,2025-09-21,East,Thingamajig,Accessories,17,189.33,3218.61,1023
814,2025-05-08,East,Thingamajig,Accessories,18,207.74,3739.32,1198
815,2025-11-25,East,Thingamajig,Accessories,14,95.74,1340.36,1011
816,2025-12-15,South,Gadget,Hardware,16,198.44,3175.04,1097
817,2024-12-24,East,Thingamajig,Accessories,4,109.24,436.96,1065
818,2025-05-03,East,Widget,Hardware,10,151.58,1515.8,1139
819,2025-02-22,North,Widget,Hardware,1,146.61,146.61,1030
820,2025-06-16,North,Gadget,Hardware,11,105.17,1156.87,1027
821,2024-06-07,South,Thingamajig,Accessories,9,69.02,621.18,1137
822,2025-03-09,East,Thingamajig,Accessories,9,247.99,2231.91,1101
823,2024-07-27,South,Thingamajig,Accessories,16,48.79,780.64,1143
824,2025-07-22,South,Gizmo,Electronics,19,89.37,1698.03,1180
825,2025-02-11,East,Widget,Hardware,8,114.42,915.36,1179
826,2024-06-14,North,Thingamajig,Accessories,13,197.59,2568.67,1140
827,2025-09-20,East,Widget,Hardware,6,100.33,601.98,1162
828,2024-01-06,West,Gadget,Hardware,16,231.84,3709.44,1111
829,2024-03-31,North,Gadget,Hardware,12,24.61,295.32,1009
830,2025-01-28,West,Doohickey,Electronics,20,165.76,3315.2,1073
831,2025-12-29,West,Widget,Hardware,6,161.87,971.22,1112
832,2024-01-11,North,Thingamajig,Accessories,10,52.71,527.1,1153
833,2025-06-06,South,Gadget,Hardware,20,46.52,930.4,1009
834,2025-01-03,North,Widget,Hardware,6,26.28,157.68,1070
835,2025-02-13,South,Doohickey,Electronics,13,148.59,1931.67,1132
836,2024-01-16,East,Widget,Hardware,3,139.65,418.95,1185
837,2025-07-26,West,Gizmo,Electronics,12,241.01,2892.12,1070
838,2024-08-19,East,Gadget,Hardware,15,232.78,3491.7,1147
839,2024-01-05,North,Doohickey,Electronics,17,31.08,528.36,1018
840,2025-05-30,North,Widget,Hardware,17,239.39,4069.63,1137
841,2025-08-11,North,Doohickey,Electronics,13,142.98,1858.74,1197
842,2024-09-06,East,Doohickey,Electronics,15,224.65,3369.75,1007
843,2025-05-08,North,Widget,Hardware,13,160.25,2083.25,1056
844,2025-11-24,East,Gizmo,Electronics,14,239.08,3347.12,1132
845,2025-07-02,North,Gizmo,Electronics,8,75.39,603.12,1102
846,2025-11-20,East,Gizmo,Electronics,3,140.87,422.61,1045
847,2025-05-02,South,Gadget,Hardware,19,70.92,1347.48,1191
848,2025-11-30,West,Gadget,Hardware,16,185.59,2969.44,1060
849,2024-09-04,West,Gadget,Hardware,8,54.68,437.44,1063
850,2025-09-25,South,Widget,Hardware,4,230.45,921.8,1173
851,2025-11-10,South,Widget,Hardware,18,239.71,4314.78,1123
852,2025-01-15,East,Doohickey,Electronics,19,217.85,4139.15,1125
853,2024-07-06,West,Thingamajig,Accessories,9,102.48,922.32,1192
854,2025-08-13,North,Thingamajig,Accessories,14,122.19,1710.66,1138
855,2024-02-03,South,Doohickey,Electronics,6,117.01,702.06,1030
856,2025-12-16,South,Gizmo,Electronics,1,7.9,7.9,1053
857,2025-01-23,East,Gizmo,Electronics,12,155.13,1861.56,1066
858,2024-07-10,South,Gadget,Hardware,9,120.48,1084.32,1156
859,2024-12-17,South,Doohickey,Electronics,14,56.58,792.12,1179
860,2025-01-16,South,Doohickey,Electronics,9,115.43,1038.87,1146
861,2024-05-14,West,Gadget,Hardware,4,181.6,726.4,1060
862,2025-07-22,South,Doohickey,Electronics,7,40.73,285.11,1189
863,2024-06-02,South,Widget,Hardware,6,108.27,649.62,1034
864,2025-10-07,South,Gizmo,Electronics,16,78.51,1256.16,1143
865,2025-08-04,North,Widget,Hardware,6,19.71,118.26,1065
866,2025-05-02,West,Widget,Hardware,15,187.43,2811.45,1066
867,2025-01-04,South,Thingamajig,Accessories,9,89.31,803.79,1105
868,2024-05-04,South,Thingamajig,Accessories,7,146.33,1024.31,1166
869,2025-10-26,South,Gizmo,Electronics,12,84.65,1015.8,1130
870,2025-05-14,East,Doohickey,Electronics,3,98.36,295.08,1073
871,2025-04-19,East,Gadget,Hardware,6,161.94,971.64,1086
872,2025-03-07,East,Thingamajig,Accessories,13,212.98,2768.74,1018
873,2024-03-22,North,Gadget,Hardware,11,82.64,909.04,1074
874,2025-12-28,North,Doohickey,Electronics,9,222.48,2002.32,1199
875,2025-01-06,East,Thingamajig,Accessories,15,106.43,1596.45,1047
876,2024-01-24,North,Gadget,Hardware,9,235.41,2118.69,1179
877,2024-03-22,North,Doohickey,Electronics,4,28.41,113.64,1121
878,2025-07-15,North,Doohickey,Electronics,17,192.42,3271.14,1021
879,2024-04-16,North,Gadget,Hardware,3,165.43,496.29,1099
880,2024-11-12,North,Gizmo,Electronics,15,158.49,2377.35,1033
881,2025-06-23,West,Widget,Hardware,2,167.57,335.14,1083
882,2025-05-02,South,Thingamajig,Accessories,9,139.39,1254.51,1034
883,2025-12-15,South,Thingamajig,Accessories,20,116.85,2337.0,1191
884,2025-10-13,West,Doohickey,Electronics,17,161.75,2749.75,1136
885,2024-11-13,West,Doohickey,Electronics,18,60.65,1091.7,1022
886,2025-03-28,South,Doohickey,Electronics,9,43.15,388.35,1002
887,2024-01-01,South,Gadget,Hardware,12,75.26,903.12,1136
888,2024-01-09,East,Doohickey,Electronics,16,78.4,1254.4,1196
889,2025-03-16,East,Thingamajig,Accessories,8,200.21,1601.68,1140
890,2025-01-17,North,Thingamajig,Accessories,14,101.71,1423.94,1041
891,2025-10-23,South,Doohickey,Electronics,8,69.43,555.44,1108
892,2025-10-02,North,Thingamajig,Accessories,9,74.75,672.75,1190
893,2025-06-28,West,Doohickey,Electronics,7,214.1,1498.7,1046
894,2024-05-19,North,Doohickey,Electronics,20,115.93,2318.6,1179
895,2025-09-29,South,Gizmo,Electronics,1,42.28,42.28,1136
896,2024-01-23,North,Widget,Hardware,10,70.95,709.5,1183
897,2025-03-24,East,Gadget,Hardware,3,41.92,125.76,1126
898,2024-08-10,South,Gizmo,Electronics,16,249.5,3992.0,1118
899,2025-12-14,East,Gizmo,Electronics,3,211.67,635.01,1037
900,2024-02-27,North,Doohickey,Electronics,3,138.08,414.24,1046
901,2024-07-15,West,Gizmo,Electronics,13,207.92,2702.96,1031
902,2024-09-11,South,Doohickey,Electronics,8,185.72,1485.76,1008
903,2024-07-22,South,Widget,Hardware,17,168.17,2858.89,1053
904,2025-04-29,South,Gizmo,Electronics,11,43.86,482.46,1186
905,2024-02-13,East,Thingamajig,Accessories,17,34.92,593.64,1123
906,2025-10-15,North,Gizmo,Electronics,2,216.6,433.2,1055
907,2024-04-25,North,Doohickey,Electronics,11,8.69,95.59,1070
908,2025-08-21,North,Gadget,Hardware,1,242.36,242.36,1148
909,2025-12-08,South,Thingamajig,Accessories,5,95.99,479.95,1022
910,2024-09-11,North,Widget,Hardware,20,87.91,1758.2,1194
911,2025-10-02,North,Gizmo,Electronics,5,176.83,884.15,1027
912,2024-05-08,South,Gizmo,Electronics,18,198.2,3567.6,1193
913,2024-12-21,West,Doohickey,Electronics,7,10.23,71.61,1096
914,2025-01-01,East,Gizmo,Electronics,2,123.9,247.8,1112
915,2025-07-26,North,Doohickey,Electronics,7,143.84,1006.88,1139
916,2024-12-22,South,Doohickey,Electronics,9,217.58,1958.22,1153
917,2025-07-21,North,Thingamajig,Accessories,5,115.1,575.5,1067
918,2025-07-08,South,Widget,Hardware,17,97.87,1663.79,1047
919,2024-01-20,East,Gizmo,Electronics,20,63.5,1270.0,1184
920,2024-03-05,East,Thingamajig,Accessories,13,51.52,669.76,1174
921,2025-05-24,East,Gadget,Hardware,20,74.37,1487.4,1104
922,2025-10-18,South,Widget,Hardware,17,166.43,2829.31,1011
923,2024-05-12,North,Widget,Hardware,7,31.23,218.61,1049
924,2024-04-11,North,Doohickey,Electronics,16,133.83,2141.28,1179
925,2025-08-27,North,Gizmo,Electronics,8,153.46,1227.68,1018
926,2024-01-14,West,Gadget,Hardware,16,232.46,3719.36,1020
927,2025-04-24,West,Widget,Hardware,12,141.71,1700.52,1106
928,2025-01-12,East,Widget,Hardware,20,70.12,1402.4,1010
929,2024-03-13,West,Widget,Hardware,7,240.34,1682.38,1024
930,2024-04-13,East,Thingamajig,Accessories,13,51.42,668.46,1134
931,2025-11-03,North,Gadget,Hardware,18,188.55,3393.9,1106
932,2024-04-18,East,Thingamajig,Accessories,12,170.25,2043.0,1179
933,2025-11-12,South,Widget,Hardware,6,199.15,1194.9,1140
934,2025-02-15,South,Gadget,Hardware,18,249.62,4493.16,1113
935,2024-12-26,West,Thingamajig,Accessories,11,211.99,2331.89,1105
936,2025-10-10,South,Gizmo,Electronics,20,63.98,1279.6,1139
937,2024-08-07,South,Thingamajig,Accessories,9,93.2,838.8,1115
938,2025-04-03,West,Widget,Hardware,2,245.82,491.64,1152
939,2024-01-17,South,Gizmo,Electronics,1,78.58,78.58,1056
940,2024-08-07,West,Widget,Hardware,9,230.18,2071.62,1130
941,2025-07-23,East,Thingamajig,Accessories,5,28.1,140.5,1117
942,2024-12-30,North,Gizmo,Electronics,12,222.96,2675.52,1063
943,2024-08-26,North,Gizmo,Electronics,3,144.77,434.31,1145
944,2024-08-10,East,Gizmo,Electronics,16,47.36,757.76,1176
945,2025-12-20,East,Widget,Hardware,20,162.35,3247.0,1009
946,2025-08-13,South,Widget,Hardware,11,90.24,992.64,1111
947,2025-03-02,West,Widget,Hardware,8,188.18,1505.44,1154
948,2024-01-12,East,Doohickey,Electronics,2,79.67,159.34,1010
949,2024-11-22,South,Gadget,Hardware,11,128.09,1408.99,1056
950,2024-06-05,North,Doohickey,Electronics,15,189.45,2841.75,1147
951,2025-05-31,North,Doohickey,Electronics,10,197.66,1976.6,1037
952,2024-05-15,South,Doohickey,Electronics,19,187.6,3564.4,1140
953,2025-02-12,North,Doohickey,Electronics,17,111.45,1894.65,1178
954,2024-05-13,East,Doohickey,Electronics,18,53.54,963.72,1101
955,2025-10-29,East,Thingamajig,Accessories,20,249.28,4985.6,1134
956,2024-09-09,North,Gizmo,Electronics,14,84.24,1179.36,1147
957,2024-04-01,North,Doohickey,Electronics,14,94.49,1322.86,1048
958,2024-11-24,South,Widget,Hardware,10,46.47,464.7,1089
959,2025-09-23,West,Doohickey,Electronics,20,40.73,814.6,1011
960,2024-08-27,North,Gizmo,Electronics,5,190.64,953.2,1021
961,2024-04-25,East,Gadget,Hardware,20,232.05,4641.0,1073
962,2024-01-15,South,Widget,Hardware,10,115.27,1152.7,1005
963,2024-12-05,North,Thingamajig,Accessories,7,54.93,384.51,1133
964,2024-09-21,South,Thingamajig,Accessories,5,175.29,876.45,1171
965,2024-01-19,South,Thingamajig,Accessories,2,67.59,135.18,1015
966,2024-10-17,North,Thingamajig,Accessories,9,18.01,162.09,1167
967,2024-01-09,North,Gizmo,Electronics,12,216.75,2601.0,1004
968,2024-10-26,West,Doohickey,Electronics,8,245.05,1960.4,1130
969,2025-12-27,North,Gizmo,Electronics,16,217.36,3477.76,1136
970,2024-03-31,North,Thingamajig,Accessories,15,142.37,2135.55,1182
971,2024-01-23,North,Thingamajig,Accessories,10,86.72,867.2,1100
972,2024-06-09,North,Gizmo,Electronics,12,158.18,1898.16,1060
973,2025-05-28,North,Widget,Hardware,9,220.28,1982.52,1007
974,2025-07-22,West,Gadget,Hardware,5,88.74,443.7,1100
975,2025-11-03,North,Doohickey,Electronics,17,240.35,4085.95,1156
976,2025-10-02,East,Doohickey,Electronics,8,145.36,1162.88,1109
977,2024-11-15,West,Gizmo,Electronics,15,137.85,2067.75,1052
978,2025-10-30,North,Thingamajig,Accessories,7,216.33,1514.31,1079
979,2025-12-06,East,Thingamajig,Accessories,5,110.37,551.85,1197
980,2024-05-28,East,Thingamajig,Accessories,6,82.79,496.74,1142
981,2025-06-29,West,Widget,Hardware,6,82.81,496.86,1037
982,2024-01-31,East,Doohickey,Electronics,14,79.32,1110.48,1190
983,2025-10-14,West,Gizmo,Electronics,5,195.88,979.4,1027
984,2024-05-14,North,Thingamajig,Accessories,20,70.38,1407.6,1145
985,2025-09-19,North,Gadget,Hardware,8,173.41,1387.28,1091
986,2024-03-22,East,Doohickey,Electronics,5,128.07,640.35,1154
987,2025-04-25,East,Gizmo,Electronics,6,213.77,1282.62,1125
988,2025-04-30,North,Gadget,Hardware,8,12.9,103.2,1195
989,2024-01-16,West,Doohickey,Electronics,8,186.88,1495.04,1051
990,2024-07-28,North,Doohickey,Electronics,20,125.04,2500.8,1083
991,2025-04-13,West,Doohickey,Electronics,13,195.17,2537.21,1155
992,2025-01-24,East,Doohickey,Electronics,20,235.09,4701.8,1146
993,2025-08-31,South,Widget,Hardware,17,31.78,540.26,1116
994,2024-02-13,West,Gadget,Hardware,17,136.78,2325.26,1188
995,2024-02-10,East,Thingamajig,Accessories,2,51.51,103.02,1112
996,2025-02-11,West,Gizmo,Electronics,15,45.79,686.85,1075
997,2025-09-19,West,Thingamajig,Accessories,5,118.58,592.9,1165
998,2025-04-07,North,Thingamajig,Accessories,4,49.04,196.16,1149
999,2025-12-13,South,Doohickey,Electronics,14,84.25,1179.5,1006
1000,2024-07-02,South,Gadget,Hardware,15,27.09,406.35,1082
1001,2025-12-09,East,Gadget,Hardware,4,27.34,109.36,1180
1002,2025-04-05,East,Widget,Hardware,17,178.28,3030.76,1186
1003,2025-06-07,East,Gadget,Hardware,13,139.83,1817.79,1011
1004,2024-06-23,West,Thingamajig,Accessories,5,44.72,223.6,1037
1005,2024-07-02,East,Widget,Hardware,14,80.48,1126.72,1186
1006,2025-04-01,North,Gadget,Hardware,4,225.14,900.56,1051
1007,2024-01-04,East,Gizmo,Electronics,1,117.37,117.37,1127
1008,2025-07-10,West,Thingamajig,Accessories,16,63.28,1012.48,1150
1009,2025-11-06,South,Doohickey,Electronics,15,24.45,366.75,1153
1010,2024-01-07,North,Thingamajig,Accessories,9,156.84,1411.56,1142
1011,2024-07-31,North,Gadget,Hardware,2,165.05,330.1,1009
1012,2024-05-28,West,Thingamajig,Accessories,20,78.12,1562.4,1022
1013,2024-02-20,North,Gadget,Hardware,6,169.66,1017.96,1156
1014,2025-11-07,East,Thingamajig,Accessories,19,197.89,3759.91,1045
1015,2025-04-11,East,Gizmo,Electronics,2,27.82,55.64,1076
1016,2024-11-26,South,Doohickey,Electronics,3,190.82,572.46,1140
1017,2024-03-07,North,Gadget,Hardware,4,175.18,700.72,1070
1018,2024-12-03,South,Thingamajig,Accessories,7,175.48,1228.36,1156
1019,2024-02-29,North,Thingamajig,Accessories,3,123.5,370.5,1176
1020,2025-09-11,West,Gizmo,Electronics,14,154.17,2158.38,1081
1021,2024-09-22,South,Thingamajig,Accessories,12,232.14,2785.68,1157
1022,2025-07-30,South,Doohickey,Electronics,16,202.96,3247.36,1156
1023,2024-08-26,East,Gadget,Hardware,1,33.96,33.96,1119
1024,2025-10-02,East,Gadget,Hardware,20,249.75,4995.0,1105
1025,2024-02-16,South,Thingamajig,Accessories,7,7.77,54.39,1051
1026,2025-12-07,North,Widget,Hardware,10,78.57,785.7,1140
1027,2024-11-27,East,Widget,Hardware,11,88.63,974.93,1185
1028,2025-08-05,East,Widget,Hardware,6,52.53,315.18,1086
1029,2025-11-19,South,Doohickey,Electronics,2,163.18,326.36,1123
1030,2024-06-08,East,Thingamajig,Accessories,11,118.31,1301.41,1105
1031,2024-02-27,West,Gizmo,Electronics,19,182.62,3469.78,1080
1032,2025-07-22,South,Gadget,Hardware,19,172.95,3286.05,1090
1033,2024-03-08,West,Gizmo,Electronics,1,88.09,88.09,1096
1034,2025-10-03,South,Gadget,Hardware,19,153.39,2914.41,1047
1035,2025-09-01,North,Gizmo,Electronics,11,178.91,1968.01,1069
1036,2025-02-27,North,Gadget,Hardware,12,115.72,1388.64,1077
1037,2024-08-09,South,Gadget,Hardware,4,96.68,386.72,1009
1038,2024-07-25,West,Doohickey,Electronics,17,11.11,188.87,1123
1039,2025-05-27,North,Gizmo,Electronics,16,184.45,2951.2,1134
1040,2024-11-13,East,Gadget,Hardware,4,206.42,825.68,1132
1041,2025-11-23,West,Gadget,Hardware,2,117.55,235.1,1182
1042,2025-06-18,North,Gizmo,Electronics,2,173.33,346.66,1152
1043,2024-03-30,South,Widget,Hardware,4,132.54,530.16,1168
1044,2024-11-15,North,Gizmo,Electronics,7,83.62,585.34,1049
1045,2024-10-20,North,Gizmo,Electronics,15,169.43,2541.45,1069
1046,2024-06-01,North,Widget,Hardware,1,239.78,239.78,1143
1047,2025-06-10,North,Thingamajig,Accessories,12,139.59,1675.08,1069
1048,2024-05-24,West,Gizmo,Electronics,19,64.98,1234.62,1018
1049,2024-11-14,East,Gizmo,Electronics,18,113.69,2046.42,1033
1050,2024-01-30,South,Widget,Hardware,4,98.98,395.92,1022
1051,2025-03-12,South,Thingamajig,Accessories,19,159.22,3025.18,1176
1052,2025-12-17,South,Gizmo,Electronics,10,86.42,864.2,1050
1053,2025-12-31,East,Thingamajig,Accessories,3,243.55,730.65,1193
1054,2025-04-21,East,Widget,Hardware,15,28.83,432.45,1079
1055,2025-12-01,East,Doohickey,Electronics,16,61.77,988.32,1057
1056,2024-05-27,West,Thingamajig,Accessories,9,228.65,2057.85,1100
1057,2024-07-06,East,Gizmo,Electronics,11,116.05,1276.55,1007
1058,2024-03-07,South,Gizmo,Electronics,16,118.0,1888.0,1043
1059,2024-10-16,East,Thingamajig,Accessories,19,36.21,687.99,1026
1060,2025-02-19,West,Widget,Hardware,11,141.26,1553.86,1018
1061,2024-11-05,South,Doohickey,Electronics,19,106.29,2019.51,1158
1062,2024-09-06,South,Doohickey,Electronics,13,21.18,275.34,1053
1063,2025-12-11,East,Doohickey,Electronics,19,197.9,3760.1,1139
1064,2025-12-11,North,Widget,Hardware,19,210.0,3990.0,1029
1065,2025-08-29,East,Gizmo,Electronics,18,28.93,520.74,1113
1066,2024-06-29,South,Doohickey,Electronics,3,151.57,454.71,1175
1067,2025-09-02,East,Doohickey,Electronics,11,126.1,1387.1,1169
1068,2024-03-03,North,Gadget,Hardware,19,226.3,4299.7,1162
1069,2024-01-01,East,Gadget,Hardware,15,135.16,2027.4,1099
1070,2025-09-22,East,Gadget,Hardware,7,171.97,1203.79,1081
1071,2024-11-02,East,Gizmo,Electronics,14,180.86,2532.04,1088
1072,2024-04-01,East,Thingamajig,Accessories,17,104.03,1768.51,1032
1073,2024-10-28,North,Thingamajig,Accessories,2,5.21,10.42,1143
1074,2025-01-02,North,Gizmo,Electronics,1,62.63,62.63,1179
1075,2025-08-27,South,Gizmo,Electronics,13,104.48,1358.24,1111
1076,2025-07-12,North,Gadget,Hardware,16,39.07,625.12,1142
1077,2025-01-28,West,Gizmo,Electronics,14,42.8,599.2,1171
1078,2024-05-08,North,Widget,Hardware,1,40.28,40.28,1124
1079,2025-11-04,South,Gadget,Hardware,3,38.62,115.86,1106
1080,2025-04-11,West,Thingamajig,Accessories,14,157.7,2207.8,1116
1081,2025-06-05,South,Doohickey,Electronics,13,92.05,1196.65,1047
1082,2025-03-10,East,Thingamajig,Accessories,16,212.47,3399.52,1060
1083,2025-12-30,South,Doohickey,Electronics,18,146.21,2631.78,1008
1084,2024-02-08,East,Gizmo,Electronics,4,147.17,588.68,1176
1085,2024-03-22,North,Thingamajig,Accessories,9,118.91,1070.19,1020
1086,2025-06-19,West,Widget,Hardware,8,120.75,966.0,1189
1087,2025-11-10,West,Widget,Hardware,18,200.53,3609.54,1079
1088,2025-09-19,North,Gizmo,Electronics,18,195.74,3523.32,1120
1089,2025-04-09,South,Doohickey,Electronics,19,184.78,3510.82,1107
1090,2024-12-27,West,Gizmo,Electronics,10,46.04,460.4,1177
1091,2025-09-03,East,Thingamajig,Accessories,9,20.05,180.45,1121
1092,2025-08-15,North,Widget,Hardware,10,203.18,2031.8,1159
1093,2024-01-28,North,Widget,Hardware,5,128.87,644.35,1071
1094,2024-09-15,North,Gizmo,Electronics,9,215.18,1936.62,1003
1095,2024-04-24,East,Thingamajig,Accessories,5,166.49,832.45,1094
1096,2024-06-28,North,Gadget,Hardware,16,49.3,788.8,1135
1097,2024-02-03,South,Widget,Hardware,5,150.91,754.55,1039
1098,2025-05-22,East,Doohickey,Electronics,13,63.3,822.9,1112
1099,2025-10-14,North,Thingamajig,Accessories,12,18.31,219.72,1067
1100,2024-04-28,North,Doohickey,Electronics,13,121.68,1581.84,1121
1101,2025-06-29,North,Doohickey,Electronics,16,69.34,1109.44,1135
1102,2025-03-21,North,Doohickey,Electronics,13,171.23,2225.99,1135
1103,2025-11-30,West,Widget,Hardware,18,161.17,2901.06,1110
1104,2025-09-17,West,Gizmo,Electronics,11,71.23,783.53,1025
1105,2024-09-18,East,Doohickey,Electronics,15,194.42,2916.3,1191
1106,2024-09-04,East,Thingamajig,Accessories,7,132.39,926.73,1173
1107,2025-12-07,West,Gizmo,Electronics,18,7.59,136.62,1002
1108,2024-03-10,North,Widget,Hardware,17,30.46,517.82,1114
1109,2024-12-25,North,Gizmo,Electronics,9,52.3,470.7,1006
1110,2025-09-26,North,Thingamajig,Accessories,7,237.87,1665.09,1163
1111,2024-05-04,East,Widget,Hardware,3,214.83,644.49,1033
1112,2025-01-19,East,Thingamajig,Accessories,6,224.52,1347.12,1178
1113,2024-07-07,North,Doohickey,Electronics,3,161.5,484.5,1070
1114,2025-03-13,East,Gizmo,Electronics,9,44.68,402.12,1018
1115,2024-10-10,East,Doohickey,Electronics,13,86.5,1124.5,1015
1116,2024-09-21,West,Gizmo,Electronics,6,112.94,677.64,1125
1117,2024-07-24,East,Gadget,Hardware,16,31.57,505.12,1138
1118,2025-03-17,North,Widget,Hardware,15,180.27,2704.05,1026
1119,2024-02-05,North,Thingamajig,Accessories,9,195.42,1758.78,1004
1120,2025-05-24,North,Widget,Hardware,2,167.83,335.66,1068
1121,2024-06-04,East,Doohickey,Electronics,19,5.91,112.29,1181
1122,2025-05-17,South,Doohickey,Electronics,3,137.33,411.99,1000
1123,2025-01-28,West,Doohickey,Electronics,4,143.97,575.88,1091
1124,2024-12-07,East,Doohickey,Electronics,2,159.91,319.82,1165
1125,2024-04-02,South,Gizmo,Electronics,3,211.09,633.27,1194
1126,2024-10-23,East,Gadget,Hardware,18,14.64,263.52,1098
1127,2025-11-07,North,Doohickey,Electronics,4,159.5,638.0,1091
1128,2025-05-13,North,Doohickey,Electronics,7,39.29,275.03,1049
1129,2024-01-26,East,Thingamajig,Accessories,8,124.86,998.88,1016
1130,2025-07-07,East,Doohickey,Electronics,18,241.41,4345.38,1115
1131,2024-01-17,North,Widget,Hardware,11,198.01,2178.11,1010
1132,2025-02-19,North,Thingamajig,Accessories,15,235.32,3529.8,1137
1133,2024-06-01,East,Gadget,Hardware,3,14.04,42.12,1036
1134,2025-05-15,East,Doohickey,Electronics,20,16.22,324.4,1179
1135,2025-10-26,North,Gadget,Hardware,2,226.64,453.28,1024
1136,2025-04-12,East,Thingamajig,Accessories,3,205.36,616.08,1027
1137,2024-04-26,South,Thingamajig,Accessories,8,20.46,163.68,1051
1138,2025-03-12,South,Doohickey,Electronics,11,34.6,380.6,1175
1139,2025-08-12,South,Gizmo,Electronics,7,192.24,1345.68,1151
1140,2024-06-26,South,Widget,Hardware,9,39.6,356.4,1106
1141,2024-06-21,East,Thingamajig,Accessories,6,112.47,674.82,1148
1142,2024-02-11,North,Thingamajig,Accessories,13,195.53,2541.89,1004
1143,2025-05-13,North,Widget,Hardware,6,231.9,1391.4,1180
1144,2025-10-29,East,Gizmo,Electronics,14,174.91,2448.74,1197
1145,2025-05-02,East,Gadget,Hardware,5,161.76,808.8,1133
1146,2025-04-06,South,Gadget,Hardware,20,174.46,3489.2,1152
1147,2024-07-03,East,Thingamajig,Accessories,3,158.66,475.98,1077
1148,2024-12-22,South,Thingamajig,Accessories,8,52.02,416.16,1135
1149,2024-04-07,East,Thingamajig,Accessories,17,58.72,998.24,1197
1150,2025-10-03,East,Gizmo,Electronics,2,52.46,104.92,1038
1151,2025-12-02,West,Doohickey,Electronics,16,48.2,771.2,1171
1152,2024-02-14,North,Gizmo,Electronics,10,56.35,563.5,1064
1153,2024-12-08,East,Doohickey,Electronics,2,30.58,61.16,1013
1154,2025-07-04,North,Widget,Hardware,16,131.15,2098.4,1018
1155,2024-08-28,East,Thingamajig,Accessories,19,84.86,1612.34,1050
1156,2025-11-24,West,Gadget,Hardware,4,84.9,339.6,1025
1157,2024-08-30,East,Gadget,Hardware,13,223.38,2903.94,1018
1158,2025-04-27,East,Widget,Hardware,14,40.51,567.14,1156
1159,2025-04-10,North,Gizmo,Electronics,5,117.15,585.75,1049
1160,2025-10-09,South,Gizmo,Electronics,7,87.29,611.03,1008
1161,2025-12-09,East,Gizmo,Electronics,5,32.22,161.1,1119
1162,2025-04-14,South,Gizmo,Electronics,8,222.17,1777.36,1154
1163,2024-06-09,East,Thingamajig,Accessories,6,146.64,879.84,1141
1164,2024-08-23,North,Thingamajig,Accessories,16,216.24,3459.84,1055
1165,2025-08-28,South,Doohickey,Electronics,9,8.55,76.95,1109
1166,2024-09-09,North,Doohickey,Electronics,19,59.49,1130.31,1151
1167,2024-06-01,West,Widget,Hardware,14,245.15,3432.1,1010
1168,2025-04-26,East,Thingamajig,Accessories,2,109.3,218.6,1100
1169,2025-05-05,West,Widget,Hardware,15,126.34,1895.1,1021
1170,2025-07-25,East,Doohickey,Electronics,7,37.51,262.57,1075
1171,2024-09-01,East,Widget,Hardware,1,122.55,122.55,1078
1172,2024-06-14,East,Thingamajig,Accessories,19,10.98,208.62,1116
1173,2025-04-19,East,Doohickey,Electronics,6,198.52,1191.12,1094
1174,2025-10-03,South,Widget,Hardware,3,99.3,297.9,1176
1175,2024-12-06,South,Gizmo,Electronics,14,189.46,2652.44,1178
1176,2025-09-19,South,Gadget,Hardware,3,157.01,471.03,1085
1177,2024-02-26,South,Gizmo,Electronics,2,32.19,64.38,1093
1178,2025-04-21,East,Gizmo,Electronics,12,47.94,575.28,1143
1179,2025-12-22,North,Gadget,Hardware,5,245.41,1227.05,1061
1180,2025-07-06,North,Doohickey,Electronics,19,218.43,4150.17,1179
1181,2024-08-02,East,Gadget,Hardware,11,91.41,1005.51,1068
1182,2025-05-30,East,Gizmo,Electronics,2,20.53,41.06,1088
1183,2025-04-08,South,Thingamajig,Accessories,4,120.19,480.76,1136
1184,2025-11-25,West,Gizmo,Electronics,15,157.13,2356.95,1172
1185,2025-12-10,West,Widget,Hardware,7,223.52,1564.64,1117
1186,2024-03-30,North,Gadget,Hardware,10,239.77,2397.7,1019
1187,2024-04-21,North,Widget,Hardware,5,126.6,633.0,1052
1188,2025-06-17,West,Widget,Hardware,10,107.05,1070.5,1174
1189,2025-07-08,West,Doohickey,Electronics,12,107.93,1295.16,1188
1190,2025-10-22,North,Gadget,Hardware,3,10.4,31.2,1059
1191,2025-06-16,East,Doohickey,Electronics,19,88.98,1690.62,1165
1192,2024-11-30,South,Thingamajig,Accessories,18,114.09,2053.62,1077
1193,2025-08-03,North,Gizmo,Electronics,6,198.37,1190.22,1058
1194,2025-05-10,South,Gizmo,Electronics,2,41.34,82.68,1072
1195,2025-04-11,West,Thingamajig,Accessories,6,179.39,1076.34,1073
1196,2024-07-05,West,Gadget,Hardware,6,63.29,379.74,1010
1197,2024-11-20,East,Doohickey,Electronics,9,95.57,860.13,1052
1198,2025-07-29,East,Gizmo,Electronics,12,41.25,495.0,1114
1199,2025-07-06,West,Thingamajig,Accessories,10,34.77,347.7,1006
1200,2025-02-18,West,Gadget,Hardware,15,232.31,3484.65,1039
1201,2024-01-05,West,Thingamajig,Accessories,17,86.16,1464.72,1180
1202,2024-10-29,South,Gizmo,Electronics,19,168.39,3199.41,1144
1203,2025-03-28,South,Widget,Hardware,16,225.54,3608.64,1035
1204,2025-11-25,East,Gizmo,Electronics,1,103.4,103.4,1056
1205,2025-04-01,South,Gizmo,Electronics,2,154.0,308.0,1049
1206,2025-08-20,South,Gizmo,Electronics,7,10.52,73.64,1137
1207,2025-04-01,East,Widget,Hardware,17,101.63,1727.71,1125
1208,2024-11-21,East,Thingamajig,Accessories,2,227.57,455.14,1092
1209,2025-02-11,North,Doohickey,Electronics,12,99.6,1195.2,1003
1210,2024-10-18,South,Gizmo,Electronics,15,219.2,3288.0,1022
1211,2024-08-08,East,Doohickey,Electronics,14,201.9,2826.6,1073
1212,2024-06-16,West,Doohickey,Electronics,14,39.19,548.66,1150
1213,2025-09-04,North,Gadget,Hardware,10,121.28,1212.8,1134
1214,2024-12-09,North,Thingamajig,Accessories,13,26.67,346.71,1104
1215,2025-10-16,West,Doohickey,Electronics,6,141.17,847.02,1181
1216,2025-08-04,East,Gadget,Hardware,7,50.57,353.99,1097
1217,2024-10-23,East,Widget,Hardware,10,209.47,2094.7,1077
1218,2025-05-20,East,Doohickey,Electronics,8,11.58,92.64,1000
1219,2024-06-06,North,Doohickey,Electronics,4,165.18,660.72,1073
1220,2025-03-03,North,Gadget,Hardware,1,34.24,34.24,1070
1221,2025-05-19,West,Widget,Hardware,20,187.66,3753.2,1148
1222,2025-05-07,East,Gizmo,Electronics,16,243.69,3899.04,1030
1223,2025-01-17,South,Thingamajig,Accessories,1,212.09,212.09,1041
1224,2025-08-18,North,Gizmo,Electronics,15,220.19,3302.85,1034
1225,2024-12-31,North,Gizmo,Electronics,12,107.78,1293.36,1091
1226,2024-02-19,North,Thingamajig,Accessories,3,130.9,392.7,1196
1227,2025-10-05,North,Widget,Hardware,20,189.39,3787.8,1139
1228,2024-11-26,West,Gizmo,Electronics,9,172.93,1556.37,1176
1229,2025-01-06,North,Thingamajig,Accessories,12,206.71,2480.52,1003
1230,2024-05-20,South,Gizmo,Electronics,16,105.94,1695.04,1041
1231,2024-04-14,North,Thingamajig,Accessories,8,208.74,1669.92,1143
1232,2025-09-20,East,Thingamajig,Accessories,18,179.57,3232.26,1179
1233,2024-04-26,South,Widget,Hardware,4,205.62,822.48,1004
1234,2025-05-06,South,Gizmo,Electronics,5,205.17,1025.85,1152
1235,2025-06-19,East,Gizmo,Electronics,6,178.92,1073.52,1007
1236,2024-05-01,North,Gadget,Hardware,8,80.32,642.56,1053
1237,2024-05-13,West,Doohickey,Electronics,4,24.05,96.2,1198
1238,2025-05-10,East,Widget,Hardware,7,31.42,219.94,1168
1239,2025-06-09,East,Doohickey,Electronics,4,227.59,910.36,1011
1240,2024-03-08,South,Widget,Hardware,4,196.68,786.72,1154
1241,2024-07-29,East,Gadget,Hardware,6,169.3,1015.8,1007
1242,2024-04-02,North,Gizmo,Electronics,19,90.22,1714.18,1041
1243,2025-05-27,East,Thingamajig,Accessories,8,128.7,1029.6,1017
1244,2024-04-11,West,Widget,Hardware,17,58.16,988.72,1049
1245,2024-10-15,North,Thingamajig,Accessories,1,243.53,243.53,1025
1246,2024-08-07,West,Doohickey,Electronics,12,176.04,2112.48,1047
1247,2025-03-26,East,Widget,Hardware,6,209.51,1257.06,1097
1248,2025-03-10,North,Gadget,Hardware,14,32.65,457.1,1080
1249,2024-05-06,South,Thingamajig,Accessories,5,126.47,632.35,1092
1250,2025-12-22,North,Widget,Hardware,3,85.39,256.17,1029
1251,2025-01-29,North,Thingamajig,Accessories,10,173.33,1733.3,1113
1252,2024-08-19,East,Gizmo,Electronics,14,51.25,717.5,1017
1253,2025-05-02,West,Gizmo,Electronics,6,8.13,48.78,1172
1254,2025-05-18,East,Doohickey,Electronics,15,133.05,1995.75,1173
1255,2024-03-28,North,Doohickey,Electronics,13,175.28,2278.64,1026
1256,2024-06-21,North,Gadget,Hardware,11,54.06,594.66,1103
1257,2024-05-05,North,Doohickey,Electronics,16,73.24,1171.84,1182
1258,2025-08-18,East,Doohickey,Electronics,12,121.58,1458.96,1154
1259,2025-02-18,West,Thingamajig,Accessories,9,41.11,369.99,1116
1260,2024-04-20,North,Doohickey,Electronics,16,61.55,984.8,1034
1261,2024-01-31,North,Widget,Hardware,3,127.04,381.12,1006
1262,2024-07-02,South,Gizmo,Electronics,5,79.17,395.85,1159
1263,2024-04-08,East,Thingamajig,Accessories,16,199.22,3187.52,1051
1264,2024-10-27,East,Doohickey,Electronics,17,69.11,1174.87,1087
1265,2025-07-07,South,Widget,Hardware,14,220.63,3088.82,1030
1266,2025-01-27,South,Doohickey,Electronics,15,117.62,1764.3,1008
1267,2024-06-30,East,Gizmo,Electronics,6,125.41,752.46,1034
1268,2024-11-15,East,Doohickey,Electronics,4,144.37,577.48,1125
1269,2025-11-06,East,Thingamajig,Accessories,19,120.11,2282.09,1143
1270,2024-06-09,South,Doohickey,Electronics,9,126.2,1135.8,1096
1271,2025-09-23,East,Gizmo,Electronics,11,20.05,220.55,1151
1272,2024-02-16,North,Gizmo,Electronics,12,203.34,2440.08,1149
1273,2024-01-28,East,Gizmo,Electronics,13,28.85,375.05,1088
1274,2024-12-31,South,Widget,Hardware,8,65.67,525.36,1165
1275,2024-11-15,East,Widget,Hardware,10,33.05,330.5,1043
1276,2024-01-21,South,Widget,Hardware,15,166.15,2492.25,1108
1277,2025-08-04,South,Doohickey,Electronics,9,10.0,90.0,1120
1278,2025-08-25,North,Gizmo,Electronics,13,144.74,1881.62,1082
1279,2025-08-09,North,Doohickey,Electronics,4,174.26,697.04,1052
1280,2024-12-10,South,Gizmo,Electronics,6,155.63,933.78,1093
1281,2025-03-22,North,Widget,Hardware,18,57.45,1034.1,1067
1282,2024-02-18,North,Thingamajig,Accessories,13,202.13,2627.69,1159
1283,2024-04-04,East,Thingamajig,Accessories,4,150.01,600.04,1069
1284,2024-03-09,East,Thingamajig,Accessories,16,109.64,1754.24,1088
1285,2024-03-19,East,Gizmo,Electronics,17,202.01,3434.17,1110
1286,2025-11-10,South,Gadget,Hardware,14,103.56,1449.84,1159
1287,2025-06-11,South,Thingamajig,Accessories,6,220.82,1324.92,1160
1288,2025-12-21,South,Gadget,Hardware,19,127.3,2418.7,1169
1289,2025-04-23,North,Thingamajig,Accessories,20,213.93,4278.6,1111
1290,2025-08-02,East,Widget,Hardware,17,54.16,920.72,1118
1291,2024-05-31,North,Gizmo,Electronics,14,105.51,1477.14,1016
1292,2025-10-11,North,Doohickey,Electronics,9,206.81,1861.29,1165
1293,2024-06-13,North,Thingamajig,Accessories,8,104.44,835.52,1029
1294,2024-06-02,North,Gadget,Hardware,10,118.72,1187.2,1143
1295,2025-03-22,South,Widget,Hardware,7,44.04,308.28,1034
1296,2024-01-30,North,Gizmo,Electronics,18,48.12,866.16,1010
1297,2025-05-12,East,Widget,Hardware,3,81.91,245.73,1076
1298,2024-03-06,West,Doohickey,Electronics,12,169.56,2034.72,1023
1299,2025-02-10,West,Gadget,Hardware,8,32.42,259.36,1188
1300,2025-05-27,West,Thingamajig,Accessories,19,237.67,4515.73,1134
1301,2024-09-14,South,Widget,Hardware,8,151.96,1215.68,1197
1302,2024-11-16,South,Thingamajig,Accessories,13,202.43,2631.59,1190
1303,2024-08-29,West,Gadget,Hardware,5,31.17,155.85,1054
1304,2024-10-08,South,Gizmo,Electronics,19,18.7,355.3,1136
1305,2025-01-18,East,Widget,Hardware,11,138.71,1525.81,1121
1306,2025-11-30,North,Gizmo,Electronics,5,93.93,469.65,1183
1307,2025-01-11,West,Widget,Hardware,20,13.53,270.6,1189
1308,2025-11-09,East,Widget,Hardware,8,66.98,535.84,1098
1309,2024-11-12,East,Gizmo,Electronics,4,136.05,544.2,1060
1310,2025-03-29,South,Doohickey,Electronics,9,78.72,708.48,1193
1311,2024-08-29,North,Gadget,Hardware,15,159.68,2395.2,1196
1312,2025-10-21,South,Widget,Hardware,9,217.28,1955.52,1199
1313,2025-05-18,South,Doohickey,Electronics,11,180.76,1988.36,1025
1314,2024-06-13,East,Thingamajig,Accessories,3,91.2,273.6,1154
1315,2025-07-14,East,Doohickey,Electronics,1,191.68,191.68,1164
1316,2025-10-18,North,Doohickey,Electronics,5,5.75,28.75,1051
1317,2025-10-05,South,Thingamajig,Accessories,3,32.15,96.45,1063
1318,2025-06-12,East,Gadget,Hardware,20,173.01,3460.2,1081
1319,2025-04-07,South,Gadget,Hardware,9,47.5,427.5,1151
1320,2024-12-01,East,Gadget,Hardware,3,106.55,319.65,1046
1321,2025-02-06,West,Thingamajig,Accessories,8,10.08,80.64,1005
1322,2025-07-25,East,Gadget,Hardware,3,243.66,730.98,1050
1323,2024-09-25,East,Gadget,Hardware,2,103.25,206.5,1109
1324,2025-09-06,North,Widget,Hardware,12,46.68,560.16,1145
1325,2024-04-30,North,Thingamajig,Accessories,14,194.47,2722.58,1116
1326,2025-11-20,South,Gadget,Hardware,7,51.68,361.76,1068
1327,2024-10-21,East,Doohickey,Electronics,5,110.67,553.35,1052
1328,2025-09-06,North,Gizmo,Electronics,7,107.49,752.43,1104
1329,2024-05-29,North,Gizmo,Electronics,8,156.33,1250.64,1063
1330,2025-01-13,East,Doohickey,Electronics,3,7.53,22.59,1034
1331,2024-11-27,West,Doohickey,Electronics,7,179.77,1258.39,1181
1332,2025-03-09,East,Gizmo,Electronics,3,28.34,85.02,1015
1333,2024-02-23,South,Gadget,Hardware,16,227.52,3640.32,1155
1334,2025-11-17,West,Thingamajig,Accessories,2,6.31,12.62,1129
1335,2025-09-26,South,Doohickey,Electronics,12,37.4,448.8,1143
1336,2024-02-12,East,Gizmo,Electronics,6,128.42,770.52,1086
1337,2025-04-24,North,Gizmo,Electronics,17,111.07,1888.19,1066
1338,2024-04-29,South,Gadget,Hardware,16,218.56,3496.96,1071
1339,2025-01-04,West,Gizmo,Electronics,9,155.17,1396.53,1194
1340,2024-09-27,South,Doohickey,Electronics,6,82.31,493.86,1125
1341,2024-06-03,East,Doohickey,Electronics,2,51.29,102.58,1013
1342,2024-08-23,North,Doohickey,Electronics,9,45.07,405.63,1119
1343,2025-03-22,North,Doohickey,Electronics,2,113.17,226.34,1181
1344,2025-07-28,South,Doohickey,Electronics,4,212.23,848.92,1037
1345,2024-05-06,South,Gadget,Hardware,10,49.26,492.6,1043
1346,2025-06-04,West,Thingamajig,Accessories,19,57.04,1083.76,1001
1347,2025-06-22,East,Gadget,Hardware,14,230.5,3227.0,1063
1348,2025-05-25,East,Gizmo,Electronics,1,74.65,74.65,1174
1349,2024-05-04,South,Thingamajig,Accessories,4,210.06,840.24,1039
1350,2024-01-30,North,Doohickey,Electronics,15,158.95,2384.25,1068
1351,2025-08-31,East,Gizmo,Electronics,2,165.76,331.52,1115
1352,2024-11-28,West,Thingamajig,Accessories,5,56.78,283.9,1012
1353,2025-10-21,North,Widget,Hardware,3,139.05,417.15,1154
1354,2025-01-25,North,Gizmo,Electronics,6,63.82,382.92,1197
1355,2025-02-12,North,Gadget,Hardware,6,100.18,601.08,1103
1356,2024-10-18,East,Gadget,Hardware,4,78.14,312.56,1110
1357,2024-11-13,West,Thingamajig,Accessories,5,92.97,464.85,1024
1358,2025-01-11,South,Doohickey,Electronics,15,221.93,3328.95,1121
1359,2024-10-01,East,Doohickey,Electronics,3,190.34,571.02,1094
1360,2025-09-20,North,Doohickey,Electronics,3,14.91,44.73,1087
1361,2025-04-19,East,Gadget,Hardware,16,134.18,2146.88,1165
1362,2025-06-21,North,Doohickey,Electronics,14,24.4,341.6,1122
1363,2024-11-03,North,Gadget,Hardware,10,211.18,2111.8,1133
1364,2025-03-13,North,Widget,Hardware,18,23.75,427.5,1011
1365,2025-06-09,North,Doohickey,Electronics,14,28.15,394.1,1169
1366,2025-08-05,West,Gizmo,Electronics,9,148.46,1336.14,1196
1367,2025-05-30,North,Doohickey,Electronics,6,197.61,1185.66,1100
1368,2024-02-16,North,Gizmo,Electronics,11,148.87,1637.57,1116
1369,2025-11-17,South,Gizmo,Electronics,11,241.85,2660.35,1047
1370,2024-08-04,North,Thingamajig,Accessories,9,218.55,1966.95,1027
1371,2025-03-20,South,Widget,Hardware,13,33.59,436.67,1043
1372,2025-11-02,South,Doohickey,Electronics,20,182.85,3657.0,1077
1373,2025-09-25,West,Thingamajig,Accessories,12,174.21,2090.52,1176
1374,2025-11-22,South,Gizmo,Electronics,3,35.65,106.95,1003
1375,2024-07-14,North,Widget,Hardware,7,215.46,1508.22,1053
1376,2025-05-07,East,Gadget,Hardware,14,211.31,2958.34,1137
1377,2024-07-14,North,Doohickey,Electronics,5,121.13,605.65,1005
1378,2024-04-29,North,Gadget,Hardware,15,241.15,3617.25,1120
1379,2024-01-21,West,Thingamajig,Accessories,8,54.33,434.64,1145
1380,2025-02-05,North,Widget,Hardware,4,159.45,637.8,1182
1381,2025-03-18,West,Doohickey,Electronics,19,150.98,2868.62,1141
1382,2024-10-24,North,Doohickey,Electronics,16,130.77,2092.32,1185
1383,2025-09-18,West,Doohickey,Electronics,8,180.0,1440.0,1135
1384,2024-01-20,South,Gizmo,Electronics,18,20.56,370.08,1165
1385,2025-03-03,West,Widget,Hardware,16,157.56,2520.96,1165
1386,2024-12-21,South,Doohickey,Electronics,1,44.53,44.53,1185
1387,2024-07-15,South,Doohickey,Electronics,8,129.37,1034.96,1150
1388,2025-12-02,South,Thingamajig,Accessories,15,37.13,556.95,1075
1389,2025-12-29,South,Doohickey,Electronics,12,200.01,2400.12,1041
1390,2025-09-28,North,Widget,Hardware,16,36.63,586.08,1051
1391,2024-06-09,East,Widget,Hardware,14,236.05,3304.7,1126
1392,2024-11-06,North,Thingamajig,Accessories,2,249.82,499.64,1091
1393,2024-09-24,South,Gadget,Hardware,6,207.85,1247.1,1128
1394,2024-02-02,West,Gizmo,Electronics,14,32.92,460.88,1058
1395,2024-05-03,East,Doohickey,Electronics,9,248.45,2236.05,1090
1396,2024-02-17,East,Thingamajig,Accessories,9,224.6,2021.4,1176
1397,2025-06-11,East,Widget,Hardware,2,232.02,464.04,1112
1398,2025-04-13,West,Widget,Hardware,4,196.5,786.0,1156
1399,2024-04-14,West,Widget,Hardware,17,30.83,524.11,1161
1400,2024-04-30,West,Gizmo,Electronics,6,183.45,1100.7,1181
1401,2025-03-28,East,Doohickey,Electronics,4,42.8,171.2,1093
1402,2024-12-08,West,Widget,Hardware,7,112.58,788.06,1106
1403,2024-01-07,North,Doohickey,Electronics,11,75.26,827.86,1043
1404,2024-03-28,North,Doohickey,Electronics,12,159.21,1910.52,1062
1405,2024-06-04,East,Thingamajig,Accessories,14,197.87,2770.18,1035
1406,2025-03-15,South,Doohickey,Electronics,15,238.2,3573.0,1132
1407,2025-11-29,South,Widget,Hardware,15,40.67,610.05,1002
1408,2025-06-13,West,Widget,Hardware,11,82.13,903.43,1197
1409,2024-06-17,South,Doohickey,Electronics,2,166.74,333.48,1164
1410,2024-06-03,West,Widget,Hardware,17,243.3,4136.1,1107
1411,2025-02-15,West,Thingamajig,Accessories,10,181.78,1817.8,1080
1412,2024-12-18,North,Gizmo,Electronics,17,154.55,2627.35,1037
1413,2025-12-18,South,Gadget,Hardware,18,157.97,2843.46,1158
1414,2025-10-29,South,Gizmo,Electronics,13,194.97,2534.61,1077
1415,2024-03-27,North,Gizmo,Electronics,13,182.65,2374.45,1189
1416,2024-05-09,South,Thingamajig,Accessories,10,57.36,573.6,1130
1417,2025-07-19,South,Gizmo,Electronics,6,10.74,64.44,1138
1418,2025-08-29,North,Gizmo,Electronics,14,246.8,3455.2,1028
1419,2024-03-02,West,Gizmo,Electronics,17,91.85,1561.45,1012
1420,2025-10-28,West,Doohickey,Electronics,10,145.25,1452.5,1001
1421,2025-04-09,South,Gadget,Hardware,19,143.57,2727.83,1160
1422,2025-11-12,South,Thingamajig,Accessories,8,90.83,726.64,1072
1423,2025-11-13,East,Thingamajig,Accessories,5,180.02,900.1,1133
1424,2024-09-10,North,Thingamajig,Accessories,19,52.18,991.42,1199
1425,2025-01-04,South,Gadget,Hardware,14,207.97,2911.58,1020
1426,2024-04-04,North,Gadget,Hardware,16,57.62,921.92,1019
1427,2025-01-13,East,Doohickey,Electronics,19,141.95,2697.05,1199
1428,2025-02-08,West,Thingamajig,Accessories,16,160.93,2574.88,1112
1429,2025-12-06,West,Doohickey,Electronics,14,206.83,2895.62,1036
1430,2025-06-01,North,Doohickey,Electronics,5,242.17,1210.85,1131
1431,2025-06-25,North,Gadget,Hardware,15,120.97,1814.55,1191
1432,2024-06-09,West,Gizmo,Electronics,4,152.39,609.56,1104
1433,2024-04-22,North,Thingamajig,Accessories,10,14.87,148.7,1039
1434,2024-04-30,South,Gizmo,Electronics,10,77.03,770.3,1007
1435,2024-05-26,North,Thingamajig,Accessories,14,16.92,236.88,1078
1436,2024-10-17,North,Doohickey,Electronics,1,34.97,34.97,1089
1437,2024-03-10,West,Doohickey,Electronics,16,145.4,2326.4,1144
1438,2025-04-08,West,Doohickey,Electronics,16,209.44,3351.04,1155
1439,2024-05-15,East,Thingamajig,Accessories,15,191.61,2874.15,1170
1440,2025-04-04,North,Gizmo,Electronics,3,200.95,602.85,1170
1441,2025-09-30,South,Gadget,Hardware,13,88.05,1144.65,1011
1442,2025-11-17,West,Gizmo,Electronics,3,217.16,651.48,1181
1443,2024-01-26,East,Gizmo,Electronics,18,163.06,2935.08,1164
1444,2025-07-26,North,Thingamajig,Accessories,18,146.33,2633.94,1013
1445,2025-08-06,South,Doohickey,Electronics,17,224.73,3820.41,1030
1446,2025-11-05,West,Gadget,Hardware,1,72.37,72.37,1052
1447,2024-09-08,West,Thingamajig,Accessories,15,25.74,386.1,1136
1448,2025-09-13,South,Thingamajig,Accessories,2,125.41,250.82,1005
1449,2024-12-14,South,Doohickey,Electronics,1,215.61,215.61,1081
1450,2025-01-26,North,Widget,Hardware,4,137.74,550.96,1073
1451,2024-05-27,North,Widget,Hardware,5,80.16,400.8,1104
1452,2025-11-25,North,Thingamajig,Accessories,11,49.46,544.06,1182
1453,2024-02-29,North,Widget,Hardware,11,39.9,438.9,1082
1454,2024-09-21,South,Widget,Hardware,2,54.63,109.26,1192
1455,2025-09-03,East,Doohickey,Electronics,17,189.34,3218.78,1098
1456,2024-04-27,North,Gizmo,Electronics,15,140.51,2107.65,1016
1457,2025-05-10,North,Gadget,Hardware,1,70.94,70.94,1150
1458,2025-11-22,North,Thingamajig,Accessories,5,79.63,398.15,1104
1459,2025-04-01,North,Thingamajig,Accessories,7,196.81,1377.67,1036
1460,2025-01-17,South,Gadget,Hardware,8,136.7,1093.6,1108
1461,2025-07-22,South,Widget,Hardware,15,240.47,3607.05,1158
1462,2024-10-23,East,Gadget,Hardware,1,19.74,19.74,1123
1463,2024-10-06,East,Doohickey,Electronics,12,211.4,2536.8,1054
1464,2025-08-22,West,Gizmo,Electronics,2,44.55,89.1,1136
1465,2025-07-30,North,Widget,Hardware,13,176.12,2289.56,1035
1466,2025-07-23,West,Doohickey,Electronics,7,154.56,1081.92,1081
1467,2025-11-29,West,Gizmo,Electronics,15,71.89,1078.35,1169
1468,2024-11-25,South,Doohickey,Electronics,20,85.47,1709.4,1177
1469,2024-05-16,East,Widget,Hardware,20,121.75,2435.0,1002
1470,2025-11-19,North,Thingamajig,Accessories,16,191.8,3068.8,1137
1471,2024-03-24,East,Widget,Hardware,18,12.58,226.44,1171
1472,2025-03-31,East,Gizmo,Electronics,13,207.73,2700.49,1091
1473,2025-01-31,North,Widget,Hardware,4,118.36,473.44,1049
1474,2025-03-31,North,Widget,Hardware,9,171.74,1545.66,1181
1475,2025-01-01,North,Thingamajig,Accessories,10,203.06,2030.6,1056
1476,2024-08-27,West,Gizmo,Electronics,2,73.79,147.58,1180
1477,2025-12-24,East,Widget,Hardware,7,246.14,1722.98,1163
1478,2025-02-09,North,Gizmo,Electronics,19,127.58,2424.02,1043
1479,2025-07-19,North,Thingamajig,Accessories,20,143.46,2869.2,1016
1480,2025-08-25,North,Widget,Hardware,5,68.61,343.05,1145
1481,2024-08-21,West,Gizmo,Electronics,7,212.68,1488.76,1005
1482,2025-12-10,East,Thingamajig,Accessories,9,171.77,1545.93,1116
1483,2024-01-03,West,Widget,Hardware,11,110.97,1220.67,1104
1484,2024-10-07,North,Thingamajig,Accessories,15,126.42,1896.3,1132
1485,2024-02-14,West,Gadget,Hardware,2,73.09,146.18,1107
1486,2025-06-29,South,Widget,Hardware,13,52.68,684.84,1020
1487,2025-08-08,West,Gadget,Hardware,14,239.66,3355.24,1063
1488,2024-07-20,North,Gizmo,Electronics,3,158.37,475.11,1024
1489,2024-01-29,South,Widget,Hardware,19,200.32,3806.08,1085
1490,2024-09-13,North,Doohickey,Electronics,8,239.91,1919.28,1013
1491,2024-12-07,South,Gadget,Hardware,3,195.06,585.18,1158
1492,2025-03-25,East,Doohickey,Electronics,19,35.58,676.02,1015
1493,2024-02-04,South,Widget,Hardware,5,20.19,100.95,1113
1494,2024-02-26,South,Doohickey,Electronics,3,29.95,89.85,1014
1495,2025-07-26,North,Doohickey,Electronics,13,28.48,370.24,1192
1496,2025-02-24,North,Thingamajig,Accessories,20,7.6,152.0,1098
1497,2025-04-20,East,Thingamajig,Accessories,20,29.81,596.2,1166
1498,2025-11-22,East,Doohickey,Electronics,17,85.41,1451.97,1049
1499,2024-04-20,North,Thingamajig,Accessories,3,150.26,450.78,1049
1500,2025-08-09,North,Thingamajig,Accessories,9,92.07,828.63,1123
1501,2025-09-27,South,Gadget,Hardware,5,200.27,1001.35,1015
1502,2024-05-10,South,Doohickey,Electronics,17,240.14,4082.38,1193
1503,2025-01-01,South,Thingamajig,Accessories,5,41.12,205.6,1079
1504,2025-09-09,South,Gizmo,Electronics,1,131.83,131.83,1168
1505,2025-11-25,North,Gadget,Hardware,17,205.7,3496.9,1143
1506,2024-02-25,South,Gadget,Hardware,7,161.94,1133.58,1051
1507,2024-03-11,South,Doohickey,Electronics,15,151.94,2279.1,1084
1508,2025-08-15,East,Gizmo,Electronics,20,78.41,1568.2,1084
1509,2024-06-15,North,Widget,Hardware,16,58.75,940.0,1000
1510,2025-10-16,North,Gadget,Hardware,15,157.86,2367.9,1061
1511,2025-05-07,East,Gizmo,Electronics,13,55.3,718.9,1047
1512,2024-01-07,South,Widget,Hardware,12,12.35,148.2,1029
1513,2024-05-25,North,Gadget,Hardware,19,228.61,4343.59,1092
1514,2024-02-14,West,Gadget,Hardware,7,74.6,522.2,1056
1515,2024-09-25,East,Gizmo,Electronics,18,65.26,1174.68,1050
1516,2024-01-23,North,Gizmo,Electronics,4,10.14,40.56,1173
1517,2024-05-20,South,Widget,Hardware,11,234.35,2577.85,1078
1518,2025-04-12,North,Gizmo,Electronics,6,235.58,1413.48,1159
1519,2025-03-20,West,Widget,Hardware,4,40.39,161.56,1033
1520,2024-07-13,North,Doohickey,Electronics,12,82.9,994.8,1109
1521,2025-10-13,North,Widget,Hardware,20,148.89,2977.8,1137
1522,2024-10-28,East,Gizmo,Electronics,8,18.05,144.4,1071
1523,2024-05-09,West,Thingamajig,Accessories,16,56.26,900.16,1020
1524,2025-04-26,East,Thingamajig,Accessories,3,46.02,138.06,1099
1525,2025-10-22,East,Gizmo,Electronics,16,132.13,2114.08,1045
1526,2024-11-25,East,Thingamajig,Accessories,16,180.33,2885.28,1126
1527,2025-04-30,North,Doohickey,Electronics,19,164.19,3119.61,1053
1528,2024-08-12,West,Doohickey,Electronics,8,102.0,816.0,1078
1529,2025-03-11,West,Thingamajig,Accessories,6,234.2,1405.2,1095
1530,2024-09-17,East,Gadget,Hardware,3,77.29,231.87,1132
1531,2024-12-26,North,Widget,Hardware,15,130.5,1957.5,1086
1532,2025-03-12,South,Doohickey,Electronics,14,95.04,1330.56,1127
1533,2024-11-20,North,Widget,Hardware,6,113.21,679.26,1067
1534,2025-10-22,North,Widget,Hardware,10,211.44,2114.4,1131
1535,2025-07-13,East,Gizmo,Electronics,8,29.11,232.88,1018
1536,2025-01-03,North,Gadget,Hardware,11,53.18,584.98,1084
1537,2024-09-13,South,Gizmo,Electronics,7,177.88,1245.16,1035
1538,2025-07-10,West,Widget,Hardware,10,74.05,740.5,1088
1539,2025-02-17,West,Thingamajig,Accessories,1,120.64,120.64,1131
1540,2024-06-01,West,Gadget,Hardware,8,182.22,1457.76,1053
1541,2025-04-30,North,Thingamajig,Accessories,18,190.62,3431.16,1184
1542,2025-04-17,South,Widget,Hardware,11,212.22,2334.42,1109
1543,2025-12-15,South,Doohickey,Electronics,15,213.97,3209.55,1007
1544,2025-01-18,North,Gadget,Hardware,10,236.12,2361.2,1002
1545,2025-05-26,West,Gizmo,Electronics,11,60.25,662.75,1108
1546,2025-12-03,East,Thingamajig,Accessories,10,84.89,848.9,1005
1547,2025-08-04,East,Gadget,Hardware,5,244.42,1222.1,1084
1548,2025-08-04,East,Thingamajig,Accessories,20,145.6,2912.0,1100
1549,2025-01-25,North,Doohickey,Electronics,3,135.95,407.85,1048
1550,2025-05-01,North,Thingamajig,Accessories,15,161.56,2423.4,1077
1551,2024-04-05,North,Thingamajig,Accessories,6,12.85,77.1,1176
1552,2025-09-09,South,Gadget,Hardware,7,22.03,154.21,1098
1553,2024-10-17,North,Gizmo,Electronics,17,22.14,376.38,1014
1554,2025-01-12,South,Gadget,Hardware,11,215.63,2371.93,1105
1555,2025-02-04,North,Widget,Hardware,5,136.43,682.15,1122
1556,2024-03-11,South,Gadget,Hardware,5,218.26,1091.3,1079
1557,2025-03-18,West,Doohickey,Electronics,6,152.91,917.46,1079
1558,2025-08-24,North,Doohickey,Electronics,9,54.42,489.78,1036
1559,2025-04-01,North,Doohickey,Electronics,20,202.85,4057.0,1134
1560,2024-12-02,West,Doohickey,Electronics,15,118.36,1775.4,1010
1561,2024-04-03,North,Doohickey,Electronics,12,176.58,2118.96,1182
1562,2024-10-31,South,Gadget,Hardware,14,66.04,924.56,1158
1563,2025-03-18,South,Gadget,Hardware,19,28.41,539.79,1178
1564,2024-02-14,North,Gadget,Hardware,9,221.23,1991.07,1137
1565,2024-10-25,East,Widget,Hardware,7,227.64,1593.48,1105
1566,2025-07-20,North,Gizmo,Electronics,3,190.07,570.21,1129
1567,2024-11-29,South,Gadget,Hardware,9,55.81,502.29,1011
1568,2025-04-18,North,Doohickey,Electronics,13,89.2,1159.6,1102
1569,2024-07-18,South,Widget,Hardware,9,33.1,297.9,1034
1570,2024-11-30,East,Doohickey,Electronics,16,118.03,1888.48,1021
1571,2025-07-15,East,Doohickey,Electronics,5,120.34,601.7,1071
1572,2024-06-14,North,Widget,Hardware,20,29.63,592.6,1075
1573,2024-05-07,South,Doohickey,Electronics,6,24.01,144.06,1195
1574,2024-01-12,East,Gadget,Hardware,15,92.73,1390.95,1055
1575,2024-02-05,West,Thingamajig,Accessories,7,113.3,793.1,1012
1576,2025-10-12,West,Widget,Hardware,13,174.13,2263.69,1113
1577,2024-02-23,East,Widget,Hardware,13,192.94,2508.22,1063
1578,2025-01-18,West,Gadget,Hardware,3,8.93,26.79,1007
1579,2024-01-15,South,Gadget,Hardware,3,59.04,177.12,1024
1580,2025-11-11,North,Gadget,Hardware,2,106.84,213.68,1027
1581,2024-11-30,South,Gadget,Hardware,20,55.74,1114.8,1138
1582,2025-02-08,West,Widget,Hardware,8,57.38,459.04,1091
1583,2024-11-27,North,Doohickey,Electronics,11,7.94,87.34,1054
1584,2025-04-14,North,Gizmo,Electronics,20,95.4,1908.0,1017
1585,2024-08-11,South,Thingamajig,Accessories,16,245.86,3933.76,1026
1586,2025-12-30,South,Thingamajig,Accessories,6,66.73,400.38,1024
1587,2025-09-06,South,Doohickey,Electronics,5,86.35,431.75,1162
1588,2025-12-05,South,Doohickey,Electronics,3,87.1,261.3,1155
1589,2025-08-22,South,Thingamajig,Accessories,8,128.34,1026.72,1180
1590,2024-01-14,North,Thingamajig,Accessories,4,80.67,322.68,1188
1591,2025-03-14,East,Thingamajig,Accessories,3,19.68,59.04,1095
1592,2025-05-25,North,Gadget,Hardware,13,55.07,715.91,1009
1593,2024-08-31,West,Thingamajig,Accessories,15,186.12,2791.8,1084
1594,2024-05-17,North,Widget,Hardware,17,198.99,3382.83,1106
1595,2025-10-25,West,Widget,Hardware,8,212.5,1700.0,1084
1596,2024-12-16,North,Thingamajig,Accessories,2,227.12,454.24,1170
1597,2024-09-11,West,Gadget,Hardware,20,218.81,4376.2,1133
1598,2024-11-25,North,Widget,Hardware,3,218.12,654.36,1017
1599,2024-07-16,North,Gadget,Hardware,7,35.76,250.32,1044
1600,2025-08-29,South,Gadget,Hardware,8,129.32,1034.56,1109
1601,2025-04-23,South,Gadget,Hardware,8,108.88,871.04,1155
1602,2024-09-11,South,Thingamajig,Accessories,15,242.09,3631.35,1051
1603,2024-10-05,West,Doohickey,Electronics,3,238.0,714.0,1092
1604,2025-02-11,South,Doohickey,Electronics,15,108.56,1628.4,1156
1605,2025-03-19,East,Doohickey,Electronics,1,191.67,191.67,1109
1606,2024-03-26,East,Gizmo,Electronics,20,136.61,2732.2,1141
1607,2024-06-28,North,Doohickey,Electronics,10,116.13,1161.3,1096
1608,2025-07-29,East,Widget,Hardware,11,38.48,423.28,1120
1609,2024-07-19,North,Gadget,Hardware,1,8.14,8.14,1128
1610,2025-01-18,South,Doohickey,Electronics,13,242.77,3156.01,1095
1611,2025-01-28,South,Thingamajig,Accessories,3,105.15,315.45,1009
1612,2024-05-07,South,Thingamajig,Accessories,6,52.59,315.54,1111
1613,2024-09-18,East,Gizmo,Electronics,17,178.74,3038.58,1162
1614,2025-12-06,South,Widget,Hardware,13,232.0,3016.0,1188
1615,2024-09-09,North,Widget,Hardware,12,159.58,1914.96,1173
1616,2024-01-29,East,Gadget,Hardware,9,153.33,1379.97,1174
1617,2024-05-30,North,Thingamajig,Accessories,19,238.19,4525.61,1041
1618,2024-01-13,North,Widget,Hardware,13,102.43,1331.59,1150
1619,2024-03-23,South,Gadget,Hardware,14,45.63,638.82,1109
1620,2024-09-15,East,Thingamajig,Accessories,18,166.33,2993.94,1097
1621,2025-08-23,South,Doohickey,Electronics,3,31.77,95.31,1146
1622,2024-12-18,West,Gizmo,Electronics,7,232.85,1629.95,1101
1623,2025-12-16,South,Gadget,Hardware,16,5.39,86.24,1017
1624,2025-12-14,South,Doohickey,Electronics,10,184.6,1846.0,1043
1625,2024-06-29,South,Gadget,Hardware,7,124.19,869.33,1128
1626,2024-04-22,South,Gadget,Hardware,6,54.23,325.38,1191
1627,2024-07-06,West,Gadget,Hardware,9,245.82,2212.38,1104
1628,2025-03-27,East,Thingamajig,Accessories,4,217.75,871.0,1042
1629,2024-03-22,North,Doohickey,Electronics,4,72.81,291.24,1087
1630,2024-01-31,East,Doohickey,Electronics,16,169.84,2717.44,1025
1631,2024-01-10,North,Widget,Hardware,19,198.36,3768.84,1010
1632,2024-04-09,North,Widget,Hardware,13,152.73,1985.49,1194
1633,2024-09-29,West,Doohickey,Electronics,11,153.07,1683.77,1086
1634,2025-01-14,East,Gizmo,Electronics,11,205.13,2256.43,1092
1635,2025-11-12,South,Thingamajig,Accessories,2,243.95,487.9,1084
1636,2024-04-12,North,Doohickey,Electronics,5,11.29,56.45,1031
1637,2025-06-27,North,Gadget,Hardware,12,115.72,1388.64,1175
1638,2025-11-05,West,Thingamajig,Accessories,14,166.76,2334.64,1000
1639,2025-10-15,West,Gizmo,Electronics,1,160.28,160.28,1011
1640,2024-11-29,East,Gadget,Hardware,20,123.71,2474.2,1189
1641,2025-09-19,East,Gizmo,Electronics,14,235.08,3291.12,1121
1642,2025-11-05,West,Widget,Hardware,13,77.0,1001.0,1049
1643,2025-12-30,North,Thingamajig,Accessories,19,197.29,3748.51,1183
1644,2025-05-31,North,Doohickey,Electronics,3,78.83,236.49,1172
1645,2025-07-15,West,Doohickey,Electronics,6,224.62,1347.72,1029
1646,2025-05-08,East,Gadget,Hardware,8,56.85,454.8,1192
1647,2025-11-06,East,Widget,Hardware,14,248.37,3477.18,1007
1648,2024-06-13,West,Gizmo,Electronics,13,192.75,2505.75,1056
1649,2024-09-20,East,Widget,Hardware,5,231.07,1155.35,1162
1650,2025-05-18,North,Gizmo,Electronics,8,233.29,1866.32,1196
1651,2025-09-07,North,Gizmo,Electronics,13,227.99,2963.87,1190
1652,2025-01-25,East,Thingamajig,Accessories,14,203.07,2842.98,1057
1653,2024-09-22,North,Widget,Hardware,4,26.84,107.36,1189
1654,2025-08-29,West,Widget,Hardware,19,95.1,1806.9,1080
1655,2025-01-24,East,Widget,Hardware,10,20.16,201.6,1137
1656,2024-07-13,West,Doohickey,Electronics,11,193.96,2133.56,1173
1657,2024-05-09,South,Thingamajig,Accessories,19,59.42,1128.98,1101
1658,2024-01-10,South,Doohickey,Electronics,11,40.45,444.95,1075
1659,2024-08-12,South,Doohickey,Electronics,5,152.36,761.8,1037
1660,2025-11-12,West,Widget,Hardware,20,83.43,1668.6,1128
1661,2025-12-06,North,Thingamajig,Accessories,16,159.61,2553.76,1055
1662,2025-05-21,North,Doohickey,Electronics,2,245.38,490.76,1085
1663,2024-06-05,West,Gadget,Hardware,8,176.6,1412.8,1013
1664,2024-07-02,West,Doohickey,Electronics,10,246.18,2461.8,1168
1665,2024-06-12,West,Thingamajig,Accessories,13,87.67,1139.71,1173
1666,2025-04-29,West,Doohickey,Electronics,13,22.6,293.8,1186
1667,2024-10-16,North,Gadget,Hardware,18,101.47,1826.46,1033
1668,2024-11-27,East,Thingamajig,Accessories,2,213.2,426.4,1181
1669,2024-11-07,South,Gadget,Hardware,19,38.7,735.3,1178
1670,2025-05-09,North,Gadget,Hardware,7,58.44,409.08,1191
1671,2024-07-19,East,Widget,Hardware,12,182.86,2194.32,1147
1672,2024-04-14,East,Gadget,Hardware,13,237.85,3092.05,1109
1673,2025-11-26,West,Widget,Hardware,4,92.12,368.48,1121
1674,2024-07-02,West,Widget,Hardware,17,164.27,2792.59,1151
1675,2025-03-20,West,Doohickey,Electronics,8,13.33,106.64,1061
1676,2025-02-10,South,Thingamajig,Accessories,6,164.94,989.64,1096
1677,2025-12-09,West,Widget,Hardware,15,216.9,3253.5,1166
1678,2025-01-26,North,Doohickey,Electronics,12,7.84,94.08,1029
1679,2024-03-25,North,Thingamajig,Accessories,8,10.64,85.12,1146
1680,2025-08-09,South,Widget,Hardware,19,49.37,938.03,1123
1681,2025-10-22,East,Gizmo,Electronics,19,35.68,677.92,1083
1682,2024-03-06,East,Thingamajig,Accessories,6,104.31,625.86,1179
1683,2024-01-21,South,Thingamajig,Accessories,17,124.7,2119.9,1132
1684,2025-08-21,South,Widget,Hardware,7,241.59,1691.13,1030
1685,2024-07-04,West,Gadget,Hardware,1,140.91,140.91,1080
1686,2024-05-05,North,Thingamajig,Accessories,7,164.9,1154.3,1022
1687,2025-07-29,North,Widget,Hardware,3,245.08,735.24,1129
1688,2024-11-01,South,Thingamajig,Accessories,6,108.65,651.9,1168
1689,2024-01-01,North,Widget,Hardware,17,226.63,3852.71,1075
1690,2025-11-05,South,Gadget,Hardware,19,125.16,2378.04,1080
1691,2025-06-19,West,Gizmo,Electronics,20,136.86,2737.2,1053
1692,2025-12-05,North,Widget,Hardware,8,14.0,112.0,1036
1693,2024-11-02,West,Gadget,Hardware,5,152.53,762.65,1055
1694,2025-08-28,South,Gadget,Hardware,20,108.39,2167.8,1140
1695,2024-09-18,North,Gadget,Hardware,13,116.74,1517.62,1065
1696,2025-11-23,South,Gadget,Hardware,18,54.92,988.56,1161
1697,2024-10-02,West,Gadget,Hardware,12,143.09,1717.08,1165
1698,2025-06-07,East,Doohickey,Electronics,5,82.51,412.55,1111
1699,2025-01-23,North,Thingamajig,Accessories,8,23.99,191.92,1031
1700,2025-06-28,North,Thingamajig,Accessories,14,21.16,296.24,1163
1701,2024-04-01,South,Gizmo,Electronics,9,40.85,367.65,1057
1702,2024-10-07,North,Doohickey,Electronics,8,97.76,782.08,1026
1703,2024-05-06,North,Gizmo,Electronics,19,206.23,3918.37,1125
1704,2024-04-07,South,Thingamajig,Accessories,10,140.13,1401.3,1155
1705,2024-04-11,West,Gadget,Hardware,11,236.9,2605.9,1099
1706,2024-07-04,South,Thingamajig,Accessories,18,150.68,2712.24,1103
1707,2025-05-03,East,Gizmo,Electronics,1,173.23,173.23,1182
1708,2024-06-08,East,Gadget,Hardware,13,144.05,1872.65,1068
1709,2024-02-24,West,Gizmo,Electronics,8,171.16,1369.28,1107
1710,2025-12-24,South,Doohickey,Electronics,12,200.62,2407.44,1128
1711,2024-10-20,North,Doohickey,Electronics,17,235.71,4007.07,1058
1712,2024-11-08,East,Widget,Hardware,10,104.6,1046.0,1080
1713,2024-04-02,East,Widget,Hardware,8,236.49,1891.92,1042
1714,2025-08-12,North,Gizmo,Electronics,18,232.75,4189.5,1002
1715,2025-03-10,East,Gadget,Hardware,16,126.96,2031.36,1175
1716,2025-11-24,West,Widget,Hardware,13,8.41,109.33,1048
1717,2024-01-08,East,Thingamajig,Accessories,12,64.84,778.08,1189
1718,2025-11-08,West,Thingamajig,Accessories,20,15.38,307.6,1114
1719,2024-06-21,East,Thingamajig,Accessories,8,47.83,382.64,1093
1720,2024-05-16,South,Widget,Hardware,14,126.4,1769.6,1043
1721,2025-01-17,West,Gizmo,Electronics,8,208.77,1670.16,1196
1722,2024-04-30,North,Doohickey,Electronics,10,69.86,698.6,1000
1723,2025-10-08,East,Gadget,Hardware,10,232.63,2326.3,1164
1724,2025-06-11,West,Widget,Hardware,15,223.66,3354.9,1124
1725,2024-02-28,South,Thingamajig,Accessories,15,85.5,1282.5,1090
1726,2024-04-19,North,Gadget,Hardware,13,91.86,1194.18,1025
1727,2025-03-17,South,Widget,Hardware,17,131.01,2227.17,1039
1728,2025-02-24,North,Doohickey,Electronics,1,43.13,43.13,1168
1729,2024-09-13,North,Doohickey,Electronics,12,78.32,939.84,1109
1730,2024-07-05,South,Gizmo,Electronics,4,247.4,989.6,1168
1731,2025-03-25,North,Gizmo,Electronics,14,6.42,89.88,1181
1732,2024-07-22,North,Gizmo,Electronics,2,37.75,75.5,1107
1733,2024-12-05,West,Gadget,Hardware,7,237.35,1661.45,1170
1734,2024-09-29,North,Doohickey,Electronics,18,126.41,2275.38,1174
1735,2024-05-10,South,Doohickey,Electronics,17,182.87,3108.79,1189
1736,2025-02-02,North,Widget,Hardware,1,35.9,35.9,1088
1737,2025-05-27,North,Gadget,Hardware,2,171.19,342.38,1087
1738,2025-03-15,West,Widget,Hardware,14,122.65,1717.1,1072
1739,2025-05-12,North,Doohickey,Electronics,8,156.32,1250.56,1186
1740,2025-06-07,North,Gizmo,Electronics,4,216.72,866.88,1179
1741,2024-09-10,East,Doohickey,Electronics,7,121.1,847.7,1026
1742,2025-12-18,East,Thingamajig,Accessories,6,51.22,307.32,1151
1743,2025-10-06,East,Gadget,Hardware,4,37.41,149.64,1009
1744,2024-10-07,West,Gadget,Hardware,14,9.33,130.62,1051
1745,2024-04-03,West,Doohickey,Electronics,14,133.62,1870.68,1179
1746,2025-10-10,West,Gadget,Hardware,11,109.39,1203.29,1015
1747,2025-06-06,South,Widget,Hardware,10,31.96,319.6,1093
1748,2024-10-14,West,Doohickey,Electronics,8,83.36,666.88,1012
1749,2024-07-05,North,Widget,Hardware,11,56.93,626.23,1120
1750,2024-10-13,West,Widget,Hardware,14,50.29,704.06,1125
1751,2025-01-07,South,Widget,Hardware,4,168.89,675.56,1174
1752,2025-07-19,East,Gadget,Hardware,11,93.34,1026.74,1092
1753,2025-08-26,South,Gizmo,Electronics,8,164.31,1314.48,1053
1754,2025-08-21,South,Widget,Hardware,5,159.24,796.2,1154
1755,2024-05-03,North,Gadget,Hardware,7,177.64,1243.48,1025
1756,2024-03-17,West,Thingamajig,Accessories,11,78.86,867.46,1121
1757,2024-07-25,South,Gadget,Hardware,2,36.32,72.64,1107
1758,2025-07-17,East,Thingamajig,Accessories,12,224.25,2691.0,1114
1759,2025-10-06,East,Doohickey,Electronics,3,123.29,369.87,1134
1760,2025-05-30,East,Gadget,Hardware,20,72.17,1443.4,1033
1761,2024-10-23,North,Thingamajig,Accessories,2,199.63,399.26,1177
1762,2024-07-13,East,Doohickey,Electronics,16,172.75,2764.0,1131
1763,2024-03-17,North,Thingamajig,Accessories,13,142.81,1856.53,1099
1764,2025-02-14,East,Gadget,Hardware,6,5.88,35.28,1146
1765,2024-08-11,East,Widget,Hardware,17,116.58,1981.86,1181
1766,2025-06-21,North,Gadget,Hardware,10,178.52,1785.2,1141
1767,2024-05-01,North,Widget,Hardware,18,63.36,1140.48,1010
1768,2025-10-16,North,Gizmo,Electronics,5,71.26,356.3,1013
1769,2025-10-19,West,Gadget,Hardware,18,33.47,602.46,1166
1770,2024-12-21,East,Gizmo,Electronics,11,25.4,279.4,1180
1771,2025-07-16,North,Gadget,Hardware,14,225.09,3151.26,1075
1772,2024-11-28,West,Widget,Hardware,12,58.72,704.64,1071
1773,2024-06-29,North,Widget,Hardware,18,166.04,2988.72,1199
1774,2025-08-20,North,Doohickey,Electronics,9,218.16,1963.44,1162
1775,2025-09-10,East,Doohickey,Electronics,8,84.44,675.52,1052
1776,2025-08-18,East,Doohickey,Electronics,5,114.28,571.4,1186
1777,2025-03-20,South,Doohickey,Electronics,3,126.51,379.53,1117
1778,2024-07-08,West,Gadget,Hardware,7,144.57,1011.99,1186
1779,2024-07-03,East,Widget,Hardware,10,44.92,449.2,1045
1780,2025-02-07,East,Gadget,Hardware,3,40.16,120.48,1109
1781,2024-09-08,South,Doohickey,Electronics,4,182.46,729.84,1035
1782,2024-01-13,East,Doohickey,Electronics,13,10.08,131.04,1003
1783,2025-10-21,West,Gadget,Hardware,8,193.68,1549.44,1068
1784,2024-05-26,West,Thingamajig,Accessories,1,199.14,199.14,1002
1785,2024-04-18,South,Gizmo,Electronics,3,54.57,163.71,1122
1786,2025-07-30,West,Gadget,Hardware,10,86.28,862.8,1039
1787,2024-09-06,North,Gizmo,Electronics,18,35.15,632.7,1011
1788,2024-04-15,South,Widget,Hardware,17,222.18,3777.06,1106
1789,2024-05-25,North,Gadget,Hardware,1,60.54,60.54,1098
1790,2024-05-30,South,Gizmo,Electronics,8,230.81,1846.48,1175
1791,2025-01-28,East,Widget,Hardware,16,46.54,744.64,1028
1792,2024-08-17,North,Gizmo,Electronics,12,23.69,284.28,1085
1793,2024-05-01,South,Widget,Hardware,2,153.1,306.2,1045
1794,2025-03-14,South,Thingamajig,Accessories,6,171.46,1028.76,1038
1795,2025-11-14,East,Thingamajig,Accessories,10,90.35,903.5,1026
1796,2024-10-04,West,Gizmo,Electronics,9,203.63,1832.67,1182
1797,2024-03-19,East,Gadget,Hardware,5,83.46,417.3,1099
1798,2025-04-02,East,Doohickey,Electronics,3,32.73,98.19,1109
1799,2024-10-12,North,Gizmo,Electronics,5,49.56,247.8,1098
1800,2024-12-27,South,Doohickey,Electronics,16,174.89,2798.24,1105
1801,2025-09-08,East,Gizmo,Electronics,5,201.52,1007.6,1167
1802,2024-09-08,South,Thingamajig,Accessories,16,136.99,2191.84,1126
1803,2025-06-29,South,Gadget,Hardware,13,25.49,331.37,1183
1804,2025-03-07,South,Gadget,Hardware,3,62.62,187.86,1000
1805,2024-07-27,West,Widget,Hardware,12,141.8,1701.6,1034
1806,2024-04-22,North,Gizmo,Electronics,12,212.94,2555.28,1199
1807,2024-05-22,North,Gadget,Hardware,18,243.1,4375.8,1107
1808,2024-09-05,North,Gadget,Hardware,2,188.01,376.02,1030
1809,2025-12-13,East,Doohickey,Electronics,1,175.55,175.55,1108
1810,2025-01-15,North,Widget,Hardware,19,23.07,438.33,1152
1811,2024-06-10,North,Gizmo,Electronics,5,24.35,121.75,1019
1812,2024-01-13,East,Doohickey,Electronics,5,192.53,962.65,1120
1813,2024-05-23,East,Gizmo,Electronics,16,105.82,1693.12,1086
1814,2025-03-30,East,Widget,Hardware,10,32.26,322.6,1015
1815,2025-10-19,North,Gadget,Hardware,17,44.29,752.93,1101
1816,2025-03-09,East,Doohickey,Electronics,18,179.29,3227.22,1066
1817,2025-08-08,South,Gadget,Hardware,14,233.21,3264.94,1069
1818,2024-04-04,South,Gadget,Hardware,7,103.1,721.7,1014
1819,2024-08-12,South,Thingamajig,Accessories,20,211.22,4224.4,1177
1820,2025-04-24,South,Doohickey,Electronics,13,45.38,589.94,1095
1821,2025-10-24,South,Gizmo,Electronics,4,30.58,122.32,1092
1822,2025-09-09,East,Gizmo,Electronics,1,63.68,63.68,1041
1823,2025-07-08,North,Gadget,Hardware,20,7.69,153.8,1079
1824,2024-07-11,East,Widget,Hardware,8,70.95,567.6,1145
1825,2025-08-01,North,Doohickey,Electronics,2,16.77,33.54,1023
1826,2024-11-12,North,Gizmo,Electronics,10,239.89,2398.9,1128
1827,2024-07-18,South,Doohickey,Electronics,12,243.59,2923.08,1179
1828,2025-11-21,North,Doohickey,Electronics,17,29.75,505.75,1198
1829,2024-06-02,North,Doohickey,Electronics,16,148.66,2378.56,1009
1830,2024-10-24,North,Doohickey,Electronics,3,221.87,665.61,1023
1831,2024-08-25,West,Gadget,Hardware,6,248.39,1490.34,1128
1832,2025-06-12,West,Thingamajig,Accessories,17,232.91,3959.47,1087
1833,2025-04-03,East,Gizmo,Electronics,10,93.28,932.8,1110
1834,2024-02-10,West,Doohickey,Electronics,8,56.16,449.28,1156
1835,2025-09-13,North,Gadget,Hardware,19,158.81,3017.39,1127
1836,2024-04-09,West,Gadget,Hardware,10,139.05,1390.5,1022
1837,2025-05-25,North,Gizmo,Electronics,6,233.84,1403.04,1041
1838,2024-03-10,North,Gizmo,Electronics,12,26.86,322.32,1045
1839,2025-12-28,East,Gizmo,Electronics,16,244.73,3915.68,1195
1840,2025-03-28,East,Gadget,Hardware,4,243.06,972.24,1124
1841,2024-02-10,South,Gizmo,Electronics,13,105.21,1367.73,1158
1842,2025-11-27,North,Gizmo,Electronics,17,211.98,3603.66,1080
1843,2025-01-17,North,Doohickey,Electronics,17,115.27,1959.59,1174
1844,2024-02-13,East,Widget,Hardware,8,176.44,1411.52,1143
1845,2024-01-09,North,Widget,Hardware,10,97.08,970.8,1145
1846,2025-02-12,West,Gadget,Hardware,13,219.17,2849.21,1171
1847,2024-04-05,South,Doohickey,Electronics,18,225.53,4059.54,1119
1848,2024-04-21,North,Widget,Hardware,13,193.21,2511.73,1051
1849,2025-02-15,South,Gizmo,Electronics,11,249.13,2740.43,1124
1850,2024-08-05,East,Doohickey,Electronics,4,73.2,292.8,1009
1851,2025-07-12,North,Doohickey,Electronics,5,161.85,809.25,1081
1852,2025-08-04,North,Thingamajig,Accessories,13,20.29,263.77,1092
1853,2025-03-16,West,Gadget,Hardware,2,56.82,113.64,1005
1854,2025-12-01,South,Gizmo,Electronics,6,25.48,152.88,1017
1855,2024-10-07,South,Gizmo,Electronics,15,218.47,3277.05,1134
1856,2024-08-07,East,Gizmo,Electronics,6,208.48,1250.88,1023
1857,2025-03-14,South,Gizmo,Electronics,6,53.66,321.96,1107
1858,2025-05-08,South,Gadget,Hardware,14,91.9,1286.6,1177
1859,2025-08-07,South,Widget,Hardware,18,196.85,3543.3,1152
1860,2024-07-22,North,Thingamajig,Accessories,20,40.43,808.6,1170
1861,2024-11-20,North,Doohickey,Electronics,5,127.36,636.8,1081
1862,2024-04-26,East,Doohickey,Electronics,9,132.57,1193.13,1000
1863,2025-04-06,West,Gadget,Hardware,15,161.53,2422.95,1148
1864,2024-04-09,North,Gadget,Hardware,14,175.63,2458.82,1198
1865,2024-06-19,East,Gadget,Hardware,12,56.39,676.68,1048
1866,2025-11-26,East,Widget,Hardware,12,204.38,2452.56,1004
1867,2024-11-05,West,Thingamajig,Accessories,4,176.33,705.32,1166
1868,2025-04-11,South,Gizmo,Electronics,12,207.91,2494.92,1109
1869,2025-06-19,West,Gizmo,Electronics,4,231.96,927.84,1117
1870,2025-03-14,South,Thingamajig,Accessories,20,44.85,897.0,1111
1871,2025-01-25,North,Doohickey,Electronics,10,177.01,1770.1,1025
1872,2024-03-30,West,Widget,Hardware,3,164.16,492.48,1157
1873,2025-02-25,North,Thingamajig,Accessories,18,29.43,529.74,1113
1874,2025-05-30,East,Widget,Hardware,10,213.67,2136.7,1054
1875,2024-08-16,East,Thingamajig,Accessories,13,33.05,429.65,1120
1876,2024-05-07,South,Doohickey,Electronics,14,227.46,3184.44,1165
1877,2025-12-21,East,Doohickey,Electronics,1,235.21,235.21,1057
1878,2025-06-03,North,Gizmo,Electronics,10,210.43,2104.3,1106
1879,2025-11-20,North,Doohickey,Electronics,2,8.8,17.6,1039
1880,2025-01-18,West,Thingamajig,Accessories,20,82.78,1655.6,1043
1881,2025-08-08,West,Gadget,Hardware,18,243.51,4383.18,1049
1882,2025-09-23,East,Widget,Hardware,19,110.13,2092.47,1162
1883,2025-02-03,West,Gadget,Hardware,13,226.52,2944.76,1132
1884,2024-06-11,South,Widget,Hardware,5,128.54,642.7,1161
1885,2025-08-13,East,Gizmo,Electronics,18,43.97,791.46,1082
1886,2024-07-27,North,Widget,Hardware,14,7.83,109.62,1197
1887,2025-08-30,North,Thingamajig,Accessories,18,230.55,4149.9,1020
1888,2025-08-08,South,Gadget,Hardware,15,160.44,2406.6,1199
1889,2025-01-01,North,Gadget,Hardware,10,52.49,524.9,1062
1890,2025-01-22,East,Widget,Hardware,9,25.33,227.97,1036
1891,2025-10-04,North,Thingamajig,Accessories,4,32.18,128.72,1152
1892,2024-05-05,North,Gizmo,Electronics,9,224.18,2017.62,1023
1893,2024-03-20,South,Gizmo,Electronics,7,100.75,705.25,1125
1894,2024-01-23,South,Doohickey,Electronics,3,56.52,169.56,1107
1895,2025-01-19,West,Doohickey,Electronics,6,49.05,294.3,1002
1896,2024-07-01,East,Thingamajig,Accessories,2,33.72,67.44,1087
1897,2024-12-21,South,Thingamajig,Accessories,20,138.89,2777.8,1040
1898,2025-06-18,East,Widget,Hardware,7,153.5,1074.5,1137
1899,2024-01-24,South,Gadget,Hardware,7,217.38,1521.66,1029
1900,2024-08-10,North,Gadget,Hardware,8,25.44,203.52,1177
1901,2024-05-09,North,Doohickey,Electronics,7,238.54,1669.78,1089
1902,2025-12-26,East,Gizmo,Electronics,15,187.57,2813.55,1126
1903,2025-03-22,South,Doohickey,Electronics,7,66.27,463.89,1050
1904,2025-12-04,West,Gizmo,Electronics,13,30.21,392.73,1196
1905,2025-08-24,South,Gadget,Hardware,16,111.2,1779.2,1114
1906,2025-03-09,East,Gizmo,Electronics,11,157.61,1733.71,1155
1907,2025-01-27,South,Thingamajig,Accessories,12,96.62,1159.44,1161
1908,2024-03-06,South,Widget,Hardware,17,67.0,1139.0,1104
1909,2024-10-27,East,Thingamajig,Accessories,12,102.59,1231.08,1029
1910,2024-07-03,West,Doohickey,Electronics,6,92.65,555.9,1018
1911,2024-08-08,East,Gizmo,Electronics,5,195.98,979.9,1031
1912,2024-01-10,South,Widget,Hardware,11,57.37,631.07,1145
1913,2024-11-25,West,Thingamajig,Accessories,3,99.47,298.41,1154
1914,2024-08-05,South,Widget,Hardware,18,73.12,1316.16,1155
1915,2025-11-18,North,Doohickey,Electronics,14,82.86,1160.04,1081
1916,2024-07-21,North,Doohickey,Electronics,16,16.46,263.36,1070
1917,2025-03-07,North,Doohickey,Electronics,6,152.35,914.1,1151
1918,2025-01-27,North,Widget,Hardware,10,9.37,93.7,1147
1919,2024-01-05,West,Gizmo,Electronics,5,211.2,1056.0,1103
1920,2024-02-07,West,Thingamajig,Accessories,2,87.66,175.32,1004
1921,2024-03-12,South,Doohickey,Electronics,10,72.3,723.0,1192
1922,2024-12-20,South,Thingamajig,Accessories,11,125.99,1385.89,1012
1923,2025-02-06,North,Doohickey,Electronics,16,212.92,3406.72,1031
1924,2025-01-17,West,Widget,Hardware,1,59.88,59.88,1002
1925,2024-05-22,North,Gizmo,Electronics,14,60.45,846.3,1022
1926,2024-07-14,East,Gizmo,Electronics,18,247.44,4453.92,1176
1927,2024-02-23,North,Widget,Hardware,4,16.76,67.04,1077
1928,2024-03-17,North,Thingamajig,Accessories,13,71.13,924.69,1043
1929,2024-05-21,East,Widget,Hardware,5,83.24,416.2,1037
1930,2025-08-21,West,Doohickey,Electronics,15,168.72,2530.8,1133
1931,2025-06-24,North,Doohickey,Electronics,16,244.21,3907.36,1082
1932,2025-05-09,North,Gizmo,Electronics,10,179.29,1792.9,1090
1933,2025-07-25,West,Gadget,Hardware,7,175.27,1226.89,1019
1934,2025-05-21,North,Widget,Hardware,7,119.7,837.9,1098
1935,2024-07-11,South,Gizmo,Electronics,7,204.43,1431.01,1194
1936,2025-06-24,South,Gizmo,Electronics,10,178.59,1785.9,1167
1937,2024-06-06,West,Widget,Hardware,5,58.6,293.0,1093
1938,2025-01-29,West,Thingamajig,Accessories,17,54.74,930.58,1102
1939,2024-07-11,North,Doohickey,Electronics,6,173.14,1038.84,1147
1940,2025-10-25,North,Doohickey,Electronics,4,187.53,750.12,1061
1941,2024-01-17,West,Gadget,Hardware,9,12.0,108.0,1169
1942,2025-06-27,South,Gizmo,Electronics,4,232.1,928.4,1021
1943,2024-12-28,South,Gadget,Hardware,13,128.04,1664.52,1130
1944,2024-12-07,North,Gizmo,Electronics,12,28.96,347.52,1166
1945,2025-01-26,East,Doohickey,Electronics,7,77.03,539.21,1103
1946,2024-06-29,East,Thingamajig,Accessories,20,125.94,2518.8,1110
1947,2024-04-21,East,Gadget,Hardware,4,58.8,235.2,1013
1948,2024-02-06,East,Gadget,Hardware,3,135.37,406.11,1070
1949,2024-08-19,West,Doohickey,Electronics,13,101.26,1316.38,1056
1950,2025-12-09,North,Gadget,Hardware,6,197.5,1185.0,1088
1951,2025-10-14,North,Thingamajig,Accessories,10,184.8,1848.0,1024
1952,2024-07-08,South,Thingamajig,Accessories,16,186.08,2977.28,1176
1953,2024-09-01,North,Widget,Hardware,6,50.9,305.4,1116
1954,2024-05-25,West,Doohickey,Electronics,14,86.84,1215.76,1045
1955,2024-09-27,West,Gadget,Hardware,1,150.53,150.53,1121
1956,2025-08-20,North,Gadget,Hardware,16,31.8,508.8,1004
1957,2025-08-03,East,Gizmo,Electronics,8,133.69,1069.52,1042
1958,2024-05-30,East,Widget,Hardware,10,201.95,2019.5,1085
1959,2025-04-08,South,Gizmo,Electronics,18,68.05,1224.9,1124
1960,2024-09-16,South,Widget,Hardware,12,78.78,945.36,1085
1961,2025-06-14,East,Thingamajig,Accessories,16,32.63,522.08,1175
1962,2025-06-15,East,Widget,Hardware,5,244.77,1223.85,1056
1963,2025-11-06,West,Gizmo,Electronics,16,12.57,201.12,1147
1964,2025-12-13,West,Gizmo,Electronics,7,187.37,1311.59,1049
1965,2025-01-21,East,Gizmo,Electronics,18,225.31,4055.58,1115
1966,2025-06-23,North,Gizmo,Electronics,11,100.8,1108.8,1106
1967,2024-10-09,South,Widget,Hardware,19,132.42,2515.98,1087
1968,2025-09-19,North,Doohickey,Electronics,19,242.2,4601.8,1088
1969,2024-10-22,North,Widget,Hardware,16,232.17,3714.72,1037
1970,2025-04-22,East,Thingamajig,Accessories,10,157.83,1578.3,1170
1971,2024-06-15,South,Gizmo,Electronics,3,200.95,602.85,1003
1972,2025-04-09,North,Gizmo,Electronics,19,35.24,669.56,1125
1973,2024-11-09,North,Gizmo,Electronics,1,17.23,17.23,1035
1974,2024-12-24,West,Thingamajig,Accessories,18,42.98,773.64,1022
1975,2025-12-31,North,Gadget,Hardware,14,148.38,2077.32,1020
1976,2024-10-24,North,Doohickey,Electronics,12,65.94,791.28,1173
1977,2025-10-14,South,Doohickey,Electronics,4,223.79,895.16,1077
1978,2025-09-03,South,Thingamajig,Accessories,14,171.34,2398.76,1082
1979,2025-08-15,North,Gadget,Hardware,9,38.24,344.16,1141
1980,2024-07-23,South,Widget,Hardware,10,143.83,1438.3,1160
1981,2025-04-17,South,Doohickey,Electronics,14,28.53,399.42,1134
1982,2025-03-28,East,Thingamajig,Accessories,12,119.75,1437.0,1109
1983,2025-04-22,South,Doohickey,Electronics,15,11.78,176.7,1143
1984,2024-01-28,West,Doohickey,Electronics,3,190.18,570.54,1157
1985,2024-11-05,East,Thingamajig,Accessories,17,96.41,1638.97,1158
1986,2025-07-10,West,Gizmo,Electronics,2,190.06,380.12,1100
1987,2024-05-08,South,Widget,Hardware,15,202.83,3042.45,1132
1988,2025-04-16,West,Widget,Hardware,2,71.19,142.38,1166
1989,2024-04-19,South,Widget,Hardware,10,143.53,1435.3,1176
1990,2024-12-05,West,Widget,Hardware,19,170.23,3234.37,1189
1991,2024-02-24,East,Thingamajig,Accessories,5,142.7,713.5,1126
1992,2024-05-19,North,Gadget,Hardware,10,158.92,1589.2,1184
1993,2024-01-07,West,Thingamajig,Accessories,7,33.1,231.7,1000
1994,2024-06-05,East,Widget,Hardware,17,28.73,488.41,1052
1995,2024-04-16,South,Thingamajig,Accessories,15,100.72,1510.8,1031
1996,2024-11-03,South,Gadget,Hardware,8,211.22,1689.76,1139
1997,2024-09-23,West,Doohickey,Electronics,20,35.18,703.6,1037
1998,2025-10-13,North,Gadget,Hardware,8,46.84,374.72,1189
1999,2025-12-17,South,Doohickey,Electronics,16,76.06,1216.96,1170
2000,2024-04-12,West,Doohickey,Electronics,12,168.59,2023.08,1100
